douban_film_id,title,page_number,rank_within_list,douban_rating,douban_votes,friend_rating,friend_rating_count,imdb_id
1292288,公民凯恩 Citizen Kane,1,1,8.8,127985,9.1,79,tt0033467
1297294,迷魂记 Vertigo,1,2,8.7,155015,9.1,80,tt0052357
1292226,2001太空漫游 2001: A Space Odyssey,1,3,8.9,375441,9.6,104,tt0062622
1291568,东京物语 東京物語,1,4,9.1,151415,9.5,80,tt0046438
1401261,游戏规则 La Règle du jeu,1,5,8.4,15580,8.8,41,tt0031885
1291841,教父 The Godfather,1,6,9.3,1061181,9.4,96,tt0068646
1361276,八部半 8½,1,7,8.6,71751,9.0,77,tt0056801
1295753,日出 Sunrise: A Song of Two Humans,1,8,8.7,19346,9.5,32,tt0018455
1292668,搜索者 The Searchers,1,9,7.8,11120,8.0,32,tt0049730
1295399,七武士 七人の侍,1,10,9.3,222345,9.5,73,tt0047478
1293460,雨中曲 Singin' in the Rain,1,11,9.1,255916,9.1,78,tt0045152
1868933,"让娜·迪尔曼 Jeanne Dielman, 23 Quai du Commerce, 1080 Bruxelles",1,12,8.9,15788,9.5,50,tt0073198
1292260,现代启示录 Apocalypse Now,1,13,8.5,122764,9.6,73,tt0078788
1295873,偷自行车的人 Ladri di biciclette,1,14,9.1,117218,9.4,78,tt0040522
1292222,出租车司机 Taxi Driver,1,15,8.6,240990,9.0,97,tt0075314
1294438,假面 Persona,1,16,8.8,39889,9.3,49,tt0060827
1291557,花样年华 花樣年華,1,17,8.8,760021,9.1,125,tt0118694
1353745,精疲力尽 À bout de souffle,1,18,8.4,80905,8.6,87,tt0053472
1293783,圣女贞德蒙难记 La Passion de Jeanne d'Arc,1,19,8.7,16954,9.5,26,tt0019254
1299433,亚特兰大号 L'Atalante,1,20,8.1,7224,8.5,36,tt0024844
1293492,战舰波将金号 Броненосец Потёмкин,1,21,8.7,33345,8.7,41,tt0015648
1293199,持摄影机的人 Человек с Киноаппаратом,1,22,9.1,19602,9.5,42,tt0019760
1299248,镜子 Зеркало,1,23,9.0,50627,9.4,59,tt0072443
1291879,罗生门 羅生門,1,24,8.8,345631,9.0,87,tt0042876
1293908,城市之光 City Lights,1,25,9.3,164489,9.6,54,tt0021749
1293181,惊魂记 Psycho,2,26,9.0,338312,9.4,92,tt0054215
1300056,四百击 Les quatre cents coups,2,27,8.9,133378,9.0,91,tt0053198
1298248,安德烈·卢布廖夫 Андрей Рублёв,2,28,9.0,20261,9.2,36,tt0060107
1401619,驴子巴特萨 Au hasard Balthazar,2,29,8.3,10506,8.4,37,tt0060138
1292217,穆赫兰道 Mulholland Dr.,2,30,8.4,482485,9.0,97,tt0166924
1292574,热情如火 Some Like It Hot,2,31,8.9,78032,8.9,60,tt0053291
1303566,词语 Ordet,2,32,8.4,5517,8.4,25,tt0048452
1299131,教父2 The Godfather: Part II,2,33,9.3,610858,9.2,77,tt0071562
1293271,甜蜜的生活 La dolce vita,2,34,8.6,37774,9.4,77,tt0053779
1293155,愤怒的公牛 Raging Bull,2,35,8.4,62922,8.8,67,tt0081398
1293582,猎人之夜 The Night of the Hunter,2,36,8.0,11463,8.2,32,tt0048424
1389923,奇遇 L'avventura,2,37,8.2,18943,8.3,58,tt0053619
1296753,卡萨布兰卡 Casablanca,2,38,8.7,236120,8.5,74,tt0034583
1291839,银翼杀手 Blade Runner,2,39,8.6,291436,8.9,100,tt0083658
1299080,后窗 Rear Window,2,40,8.7,225021,8.7,87,tt0047396
1294756,历劫佳人 Touch of Evil,2,41,8.0,12115,8.4,37,tt0052311
1303543,玩乐时间 Play Time,2,42,8.8,34583,9.4,54,tt0062136
1298733,日落大道 Sunset Blvd.,2,43,8.8,73529,9.1,65,tt0043014
1292472,巴里·林登 Barry Lyndon,2,44,8.8,48738,9.1,59,tt0072684
1303555,蔑视 Le mépris,2,45,7.7,13224,8.4,42,tt0057345
1306019,大地之歌 পথের পাঁচালী,2,46,8.9,12127,8.3,46,tt0048473
1303521,特写 کلوزآپ,2,47,8.9,25867,9.1,69,tt0100234
1295656,潜行者 Сталкер,2,48,8.8,39862,8.9,60,tt0079944
1292349,阿拉伯的劳伦斯 Lawrence of Arabia,2,49,8.7,59433,8.8,52,tt0056172
1292778,将军号 The General,2,50,9.1,33846,9.3,49,tt0017925
1294371,摩登时代 Modern Times,3,51,9.3,332632,9.3,66,tt0027977
1306791,军中禁恋 Beau travail,3,52,7.5,5663,8.1,33,tt0209933
1394218,桃色公寓 The Apartment,3,53,8.8,59541,9.3,55,tt0053604
1295451,第三人 The Third Man,3,54,8.2,25866,8.6,42,tt0041959
1293381,M就是凶手 M - Eine Stadt sucht einen Mörder,3,55,8.2,32544,8.9,43,tt0022100
1307265,晚春 晩春,3,56,8.6,28637,8.8,51,tt0041154
1295872,西北偏北 North by Northwest,3,57,8.3,120350,8.1,70,tt0053125
1303577,雨月物语 雨月物語,3,58,8.6,31061,9.3,43,tt0046478
1419005,阿尔及尔之战 La battaglia di Algeri,3,59,8.6,10895,8.4,37,tt0058946
1292268,好家伙 GoodFellas,3,60,8.5,132776,8.6,60,tt0099685
1294808,大幻影 La grande illusion,3,61,8.4,12890,8.7,32,tt0028950
1293071,野草莓 Smultronstället,3,62,8.8,83991,8.9,60,tt0050986
1298497,赤胆屠龙 Rio Bravo,3,63,8.1,5916,8.6,25,tt0053221
1292784,芬妮与亚历山大 Fanny och Alexander,3,64,8.7,21560,8.9,47,tt0083922
1303328,浩劫 Shoah,3,65,8.9,2468,8.7,12,tt0090015
1322848,奇爱博士 Dr. Strangelove or: How I Learned to Stop Worrying and Love the Bomb,3,66,8.9,112698,8.9,75,tt0057012
1293394,西部往事 C'era una volta il West,3,67,8.7,62054,9.1,52,tt0064116
1292533,狂人皮埃罗 Pierrot le fou,3,68,8.4,49626,8.8,63,tt0059592
1303576,游览意大利 Viaggio in Italia,3,69,7.8,3880,8.5,22,tt0046511
1293889,唐人街 Chinatown,3,70,8.4,70531,8.8,67,tt0071315
1293958,为所应为 Do the Right Thing,3,71,8.2,17141,8.8,54,tt0097216
1298107,大都会 Metropolis,3,72,9.1,56907,9.3,53,tt0017136
1293525,醉酒的女人 A Woman Under the Influence,3,73,8.3,4742,9.1,19,tt0072417
1292719,大路 La strada,3,74,8.9,50785,8.8,70,tt0047528
1293146,豹 Il gattopardo,3,75,8.7,18611,8.3,46,tt0057091
1300375,天堂的孩子 Les enfants du paradis,4,76,8.5,6205,9.3,19,tt0037674
1298672,阿玛柯德 Amarcord,4,77,8.7,19213,8.9,50,tt0071129
1291832,低俗小说 Pulp Fiction,4,78,8.9,921395,9.0,121,tt0110912
1296963,日落黄沙 The Wild Bunch,4,79,8.2,13372,8.2,22,tt0065214
1303557,维莉蒂安娜 Viridiana,4,80,8.6,8168,9.1,28,tt0055601
1303562,死囚越狱 Un Condamné à mort s'est échappé,4,81,8.5,22170,9.4,34,tt0049902
1293749,生活多美好 It's a Wonderful Life,4,82,9.2,111936,8.9,46,tt0038650
1295134,双虎屠龙 The Man Who Shot Liberty Valance,4,83,8.2,6268,8.1,19,tt0056217
1293234,第七封印 Det sjunde inseglet,4,84,8.5,60292,9.0,49,tt0050976
1303573,山椒大夫,4,85,8.1,6982,7.9,22,tt0047445
1292225,闪灵 The Shining,4,86,8.3,561519,8.5,103,tt0081505
1300955,同流者 Il conformista,4,87,8.6,14922,8.7,43,tt0065571
1303559,扒手 Pickpocket,4,88,8.3,24200,8.5,47,tt0053168
1299214,伟大的安巴逊 The Magnificent Ambersons,4,89,7.4,2349,8.0,10,tt0035015
1298697,蓝丝绒 Blue Velvet,4,90,7.6,52228,8.4,54,tt0090756
1294941,大白鲨 Jaws,4,91,7.8,111220,8.0,57,tt0073195
1293037,纳什维尔 Nashville,4,92,8.2,5033,8.9,18,tt0073440
1298817,淘金记 The Gold Rush,4,93,9.2,65520,9.2,42,tt0015864
1420116,葛楚 Gertrud,4,94,8.0,3442,8.3,12,tt0058138
1306626,堤 La jetée,4,95,9.0,32333,9.4,66,tt0056119
1401901,日月无光 Sans soleil,4,96,8.5,5152,9.1,27,tt0084628
1294565,五至七时的克莱奥 Cléo de 5 à 7,4,97,8.7,31320,8.8,53,tt0055852
1303418,你逃我也逃 To Be or Not to Be,4,98,9.2,55774,9.5,44,tt0035446
1292338,祖与占 Jules et Jim,4,99,8.4,61279,8.8,80,tt0055032
1437390,午后的迷惘 Meshes of the Afternoon,4,100,8.8,18186,8.9,41,tt0036154
1295252,母亲与娼妓 La Maman et la Putain,5,101,7.9,2597,9.3,29,tt0070359
1422088,撒旦探戈 Sátántangó,5,102,8.8,11893,8.8,26,tt0111341
1303408,福尔摩斯二世 Sherlock Jr.,5,103,9.4,31830,9.8,47,tt0015324
1301122,伯爵夫人的耳环 Madame de...,5,104,8.1,5812,8.6,20,tt0046022
1292233,发条橙 A Clockwork Orange,5,105,8.6,398165,9.2,97,tt0066921
1293847,生之欲 生きる,5,106,9.3,50127,9.2,49,tt0044741
1294092,恐惧吞噬灵魂 Angst essen Seele auf,5,107,8.5,20940,8.8,52,tt0071141
1306002,"阿基尔，上帝的愤怒 Aguirre, der Zorn Gottes",5,108,8.3,11164,8.6,33,tt0068182
1296987,安妮·霍尔 Annie Hall,5,109,8.6,127986,9.0,86,tt0075686
1422186,自己去看 Иди и смотри,5,110,8.7,20673,8.9,27,tt0091251
1400240,去年在马里昂巴德 L'année dernière à Marienbad,5,111,8.3,26648,8.8,49,tt0054632
1401900,蜂巢幽灵 El espíritu de la colmena,5,112,8.5,13655,8.5,40,tt0070040
1292262,美国往事 Once Upon a Time in America,5,113,9.1,454133,9.0,90,tt0087843
1301923,贪婪 Greed,5,114,8.0,1374,6.5,4,tt0015881
1293818,钢琴课 The Piano,5,115,8.1,97841,8.1,50,tt0107822
1292329,牯岭街少年杀人事件 牯嶺街少年殺人事件,5,116,8.9,347804,9.6,101,tt0101985
1292625,绿野仙踪 The Wizard of Oz,5,117,8.2,57264,7.8,38,tt0032138
1292434,一一,5,118,9.1,465105,9.7,111,tt0244316
1302294,威尼斯疑魂 Don't Look Now,5,119,7.3,5197,7.6,20,tt0069995
1302050,广岛之恋 Hiroshima mon amour,5,120,7.9,48330,8.7,57,tt0052893
1299204,红菱艳 The Red Shoes,5,121,8.2,12367,8.1,30,tt0040725
1310176,放大 Blow-Up,5,122,8.4,58083,9.0,67,tt0060176
1297657,育婴奇谭 Bringing Up Baby,5,123,7.3,5516,7.5,19,tt0029947
1293105,蚀 L'eclisse,5,124,8.4,24992,8.9,48,tt0056736
1295287,党同伐异 Intolerance: Love's Struggle Throughout the Ages,5,125,8.7,13053,9.3,30,tt0006864
1401585,乡间一日 Une Partie de Campagne,6,126,7.9,3992,8.3,22,tt0028445
1300766,美人计 Notorious,6,127,7.6,43896,7.4,46,tt0038787
1300868,异形 Alien,6,128,8.3,303031,8.7,79,tt0078748
1296757,随心所欲 Vivre sa vie: Film en douze tableaux,6,129,8.5,27872,8.8,57,tt0056663
1297228,一封陌生女子的来信 Letter from an Unknown Woman,6,130,7.9,10571,7.8,21,tt0040536
1299411,平步青云 A Matter of Life and Death,6,131,7.7,1799,7.2,15,tt0038733
1294638,E.T.外星人 E.T. the Extra-Terrestrial,6,132,8.6,346373,8.2,49,tt0083866
1303556,泯灭天使 El ángel exterminador,6,133,8.2,6695,8.2,22,tt0056732
1401385,彗星美人 All About Eve,6,134,8.7,31655,8.3,26,tt0042192
1303579,被遗忘的人们 Los Olvidados,6,135,8.3,3651,8.2,12,tt0042804
1294625,春风秋雨 Imitation of Life,6,136,7.9,2161,7.8,13,tt0052918
1291561,千与千寻 千と千尋の神隠し,6,137,9.4,2439339,9.2,120,tt0245429
1439723,电影史-1A 所有的历史 Histoire(s) du cinéma: Toutes les histoires,6,138,8.3,1815,8.9,13,tt0097514
1299733,侠骨柔情 My Darling Clementine,6,139,7.8,3147,8.9,14,tt0038762
1300267,乱世佳人 Gone with the Wind,6,140,9.3,758857,8.6,72,tt0031381
1299231,女友礼拜五 His Girl Friday,6,141,7.7,7079,7.9,29,tt0032599
1296669,"罗马，不设防的城市 Roma, città aperta",6,142,8.1,18049,7.9,33,tt0038890
1418141,塞琳和朱莉出航记 Céline et Julie vont en bateau,6,143,8.4,3045,9.1,14,tt0071381
1299775,马太福音 Il vangelo secondo Matteo,6,144,8.4,5627,8.1,22,tt0058715
1296500,雏菊 Sedmikrásky,6,145,8.5,15563,7.6,28,tt0060959
1296791,"诺斯费拉图 Nosferatu, eine Symphonie des Grauens",6,146,8.2,19744,8.1,25,tt0013442
1292224,飞越疯人院 One Flew Over the Cuckoo's Nest,6,147,9.1,586303,8.9,76,tt0073486
1301646,瑟堡的雨伞 Les parapluies de Cherbourg,6,148,7.7,15420,7.7,53,tt0058450
1303494,杀羊人 Killer of Sheep,6,149,7.3,1001,7.6,5,tt0076263
1296908,窃听大阴谋 The Conversation,6,150,8.1,16376,8.9,38,tt0071360
1855338,旺达 Wanda,7,151,8.3,5192,8.5,24,tt0067961
1293838,星球大战 Star Wars,7,152,8.5,153926,8.2,47,tt0076759
1945780,血色将至 There Will Be Blood,7,153,8.4,92040,8.9,70,tt0469494
1401118,"黄金三镖客 Il buono, il brutto, il cattivo",7,154,9.3,136057,9.4,65,tt0060196
1298962,一条安达鲁狗 Un chien andalou,7,155,8.2,52656,8.6,47,tt0020530
1303536,钱 L'argent,7,156,8.3,17765,8.7,40,tt0085180
1293232,天堂之日 Days of Heaven,7,157,7.9,16848,8.6,40,tt0077405
1294746,天堂里的烦恼 Trouble in Paradise,7,158,8.2,6822,9.0,25,tt0023622
1291999,重庆森林 重慶森林,7,159,8.8,891178,9.2,114,tt0109424
1296147,呼喊与细语 Viskningar och rop,7,160,8.5,38667,8.7,59,tt0069467
1291560,龙猫 となりのトトロ,7,161,9.2,1366125,8.8,110,tt0096283
1294300,曼哈顿 Manhattan,7,162,8.3,44024,8.7,68,tt0079522
1293226,双重赔偿 Double Indemnity,7,163,8.5,47927,8.4,53,tt0036775
1414808,热带疾病 สัตว์ประหลาด,7,164,8.0,10597,8.9,32,tt0381668
1297422,穷山恶水 Badlands,7,165,7.9,6469,8.1,30,tt0069762
1297546,过客 Professione: reporter,7,166,8.3,8941,8.3,31,tt0073580
1293667,黄金时代 L'âge d'or,7,167,7.5,4365,7.7,25,tt0021577
1292403,猎鹿人 The Deer Hunter,7,168,8.3,42428,8.2,40,tt0077416
1301252,十诫 Dekalog,7,169,9.2,25953,9.2,46,tt0092337
1300392,德州电锯杀人狂 The Texas Chain Saw Massacre,7,170,7.2,30674,7.5,30,tt0072271
1300712,天使之翼 Only Angels Have Wings,7,171,7.6,1341,7.7,13,tt0031762
1293852,罗斯玛丽的婴儿 Rosemary's Baby,7,172,8.2,81603,8.4,52,tt0063522
1298134,关山飞渡 Stagecoach,7,173,8.3,19610,8.0,41,tt0031971
1424576,土狼之旅 Touki Bouki,7,174,7.6,1227,6.9,11,tt0070820
1298113,鸭羹 Duck Soup,7,175,7.1,3334,6.9,11,tt0023969
1303364,资产阶级的审慎魅力 Le Charme discret de la bourgeoisie,8,176,8.2,42287,8.6,57,tt0068361
1294364,相见恨晚 Brief Encounter,8,177,8.0,10849,8.3,28,tt0037558
1296196,乱,8,178,8.9,102249,9.3,60,tt0089881
1310175,群鸟 The Birds,8,179,8.1,84464,8.6,63,tt0056869
1303542,石榴的颜色 Նռան գույնը,8,180,8.6,27338,8.1,39,tt0063555
1474748,土地 Земля,8,181,7.9,1478,7.3,6,tt0021571
30257175,燃烧女子的肖像 Portrait de la jeune fille en feu,8,182,8.7,250102,8.1,95,tt8613070
1303575,荒漠怪客 Johnny Guitar,8,183,7.8,3803,8.9,28,tt0047136
1416677,大河 The River,8,184,7.6,2323,8.0,9,tt0043972
1302413,穆谢特 Mouchette,8,185,8.4,9876,8.2,30,tt0061996
1422308,午夜钟声 Campanadas a medianoche,8,186,8.3,1392,8.9,9,tt0059012
1302338,漩涡之外 Out of the Past,8,187,8.1,5957,8.0,16,tt0039689
1401756,拿破仑 Napoléon,8,188,8.6,2095,9.2,10,tt0018192
1361252,夜 La notte,8,189,8.7,18300,8.8,45,tt0054130
1300749,吸血鬼 Vampyr,8,190,7.7,3716,8.1,20,tt0023649
1294781,卡比利亚之夜 Le notti di Cabiria,8,191,9.1,47494,9.1,64,tt0050783
1303558,洛可兄弟 Rocco e i suoi fratelli,8,192,8.3,6424,7.7,21,tt0054248
2336735,生命之树 The Tree of Life,8,193,7.2,47424,8.1,54,tt0478304
1292733,黑水仙 Black Narcissus,8,194,7.7,4742,8.1,14,tt0039192
1323746,小城之春,8,195,8.7,68303,9.0,76,tt0189219
1302061,"德州巴黎 Paris, Texas",8,196,8.4,84626,8.8,85,tt0087884
1299257,战火 Paisà,8,197,8.2,4265,8.4,17,tt0038823
1303415,淑女伊芙 The Lady Eve,8,198,7.5,3218,7.7,7,tt0033804
1301279,拾穗者 Les glaneurs et la glaneuse,8,199,9.1,11684,9.0,30,tt0247380
1296717,夺宝奇兵 Raiders of the Lost Ark,8,200,7.9,110208,7.0,34,tt0082971
1293691,索多玛120天 Salò o le 120 giornate di Sodoma,9,201,6.6,51554,8.1,35,tt0073650
1294194,悲情城市,9,202,9.0,127828,9.4,89,tt0096908
1292521,码头风云 On the Waterfront,9,203,7.8,16266,8.0,25,tt0047296
1298405,第三类接触 Close Encounters of the Third Kind,9,204,7.2,22770,7.2,24,tt0075860
1298593,金刚 King Kong,9,205,7.7,8563,7.2,13,tt0024216
1307639,最卑贱的人 Der letzte Mann,9,206,8.7,9163,8.4,21,tt0015064
1292445,天涯沦落女 Sans toit ni loi,9,207,8.3,12756,8.0,34,tt0089960
1902009,家乡的消息 News from Home,9,208,8.1,3255,8.5,24,tt0076452
1300912,魂断威尼斯 Morte a Venezia,9,209,8.2,30929,8.5,35,tt0067445
1295646,大独裁者 The Great Dictator,9,210,9.2,88377,8.7,41,tt0032553
1296794,怪形 The Thing,9,211,8.2,71037,8.4,33,tt0084787
1299816,百战将军 The Life and Death of Colonel Blimp,9,212,7.7,1128,8.6,7,tt0036112
1292504,柏林苍穹下 Der Himmel über Berlin,9,213,8.6,54787,8.9,84,tt0093191
1300977,飞向太空 Солярис,9,214,8.7,42816,8.7,59,tt0069293
1296621,波长 Wavelength,9,215,7.2,1291,8.0,15,tt0127354
26648249,月光男孩 Moonlight,9,216,7.4,155654,6.9,70,tt4975722
1292468,破浪 Breaking the Waves,9,217,8.1,20888,8.2,37,tt0115751
1293564,木兰花 Magnolia,9,218,8.2,34805,8.7,46,tt0175880
1294518,操行零分 Zéro de conduite: Jeunes diables au collège,9,219,8.1,8939,7.9,30,tt0024803
1300966,独行杀手 Le samouraï,9,220,8.3,31020,8.6,52,tt0062229
1295757,蓬门今始为君开 The Quiet Man,9,221,7.4,1737,6.8,5,tt0045061
1297920,小孩与鹰 Kes,9,222,8.6,11952,8.5,26,tt0064541
1292465,愤怒的葡萄 The Grapes of Wrath,9,223,8.5,13312,8.9,16,tt0032551
1296097,风烛泪 Umberto D.,9,224,8.6,8312,8.5,31,tt0045274
1293823,妙想天开 Brazil,9,225,8.1,20680,8.1,34,tt0088846
1303603,西鹤一代女 西鶴一代女,10,226,8.3,8793,8.3,21,tt0045112
1301897,何处是我朋友的家 خانه دوست کجاست؟‎,10,227,9.0,42302,9.0,70,tt0093342
1303416,苏利文的旅行 Sullivan's Travels,10,228,7.5,3155,7.3,15,tt0034240
1303532,爱的激流 Love Streams,10,229,8.2,5485,8.6,26,tt0087644
1295759,流浪艺人 Ο Θίασος,10,230,8.5,6388,8.4,20,tt0073800
1418426,黑上帝白魔鬼 Deus E o Diabo na Terra do Sol,10,231,7.0,1069,7.5,4,tt0058006
1293153,德意志零年 Germania anno zero,10,232,8.4,8823,8.4,28,tt0039417
1499492,房屋是黑的 خانه سیاه است,10,233,8.8,2054,8.7,9,tt0336693
1303174,灰烬与钻石 Popiół i diament,10,234,8.2,4830,8.1,23,tt0052080
27010768,寄生虫 기생충,10,235,8.8,1494269,8.1,134,tt6751668
1299261,红色沙漠 Il deserto rosso,10,236,8.0,25399,7.8,44,tt0058003
1293950,花村 McCabe & Mrs. Miller,10,237,7.9,3947,8.3,29,tt0067411
1291843,黑客帝国 The Matrix,10,238,9.1,912849,8.7,104,tt0133093
1294100,黄金时代 The Best Years of Our Lives,10,239,8.2,6559,7.8,12,tt0036868
1294433,秋刀鱼之味 秋刀魚の味,10,240,8.6,50463,8.9,55,tt0056444
1293273,群众 The Crowd,10,241,8.3,2418,8.5,8,tt0018806
1474367,伊凡雷帝2 Иван Грозный 2: Боярский заговор,10,242,8.2,1766,8.5,12,tt0051790
1484154,低度开发的回忆 Memorias del subdesarrollo,10,243,8.0,1807,7.8,9,tt0063291
1294331,迷幻演出 Performance,10,244,7.0,1072,7.3,6,tt0066214
1438066,隐藏摄像机 Caché,10,245,7.6,19205,8.3,44,tt0387898
1293925,橡皮头 Eraserhead,10,246,7.9,20590,8.6,41,tt0074486
1298182,伊凡雷帝 Иван Грозный,10,247,7.9,2429,7.3,12,tt0037824
1302923,兰闺艳血 In a Lonely Place,10,248,7.9,4685,8.9,29,tt0042593
1850003,篷车队 The Band Wagon,10,249,8.0,2512,8.8,10,tt0045537
1300044,谋杀绿脚趾 The Big Lebowski,10,250,7.7,66092,7.7,52,tt0118715
1295124,辛德勒的名单 Schindler's List,11,251,9.5,1208305,9.1,92,tt0108052
1292781,细细的红线 The Thin Red Line,11,252,7.8,36415,7.8,35,tt0120863
1295445,火树银花 Meet Me in St. Louis,11,253,7.4,1855,7.3,9,tt0037059
1308777,暖暖内含光 Eternal Sunshine of the Spotless Mind,11,254,8.5,289657,8.5,84,tt0338013
1401618,乡村牧师日记 Journal d'un curé de campagne,11,255,8.2,10975,8.6,26,tt0042619
1291828,天堂电影院 Nuovo Cinema Paradiso,11,256,9.2,721421,8.8,113,tt0095765
1294039,绿光 Le rayon vert,11,257,8.1,45112,8.1,68,tt0091830
1890283,大地的女儿 Daughters of the Dust,11,258,7.3,621,6.0,1,tt0104057
1485059,刽子手 El Verdugo,11,259,8.0,1547,7.7,7,tt0057643
1292271,毕业生 The Graduate,11,260,8.0,195377,8.5,73,tt0061722
1296577,禁忌 Tabu: A Story of the South Seas,11,261,7.9,1835,7.0,8,tt0022458
1301649,白日美人 Belle de jour,11,262,7.5,41145,8.2,48,tt0061395
1292547,卡里加里博士的小屋 Das Cabinet des Dr. Caligari,11,263,8.9,32185,9.1,35,tt0010323
1300275,大开眼戒 Eyes Wide Shut,11,264,8.1,187632,8.8,79,tt0120663
1292565,红河 Red River,11,265,8.1,4753,7.7,15,tt0040724
1292048,蓝白红三部曲之蓝 Trois couleurs: Bleu,11,266,8.5,149768,8.7,78,tt0108394
4280102,能召回前世的布米叔叔 ลุงบุญมีระลึกชาติ,11,267,7.4,18681,8.7,42,tt1588895
1295686,盗火线 Heat,11,268,8.5,140537,8.4,55,tt0113277
1298270,夜与雾 Nuit et brouillard,11,269,9.3,20116,9.1,45,tt0048434
1293755,驱魔人 The Exorcist,11,270,7.7,87747,7.9,45,tt0070047
1292067,冰血暴 Fargo,11,271,8.0,108878,8.2,71,tt0116282
2060678,黑女孩 La Noire de...,11,272,7.4,1689,7.1,14,tt0060758
1292516,碧血金沙 The Treasure of the Sierra Madre,11,273,8.6,10657,8.1,15,tt0040897
1440610,赝品 Vérités et mensonges,11,274,8.2,2310,8.6,16,tt0072962
1295995,仁心与冠冕 Kind Hearts and Coronets,11,275,8.5,9626,8.2,21,tt0041546
1296177,樱桃的滋味 طعم گیلاس,12,276,8.1,45068,7.8,68,tt0120265
1296283,慕德家一夜 Ma nuit chez Maud,12,277,8.3,17799,8.4,64,tt0064612
1302808,成功的滋味 Sweet Smell of Success,12,278,7.8,3041,8.3,13,tt0051036
1300555,回到未来 Back to the Future,12,279,8.8,237758,8.5,57,tt0088763
1293329,残菊物语 殘菊物語,12,280,8.5,4822,8.6,26,tt0032156
1299166,街角的商店 The Shop Around the Corner,12,281,8.7,18639,9.0,33,tt0033045
1420225,沼泽 La Ciénaga,12,282,8.0,4246,8.8,27,tt0240419
1292969,光荣之路 Paths of Glory,12,283,9.1,61081,9.2,56,tt0050825
1304862,不散,12,284,7.8,11403,8.7,53,tt0377556
1300613,土拨鼠之日 Groundhog Day,12,285,8.6,238870,8.1,62,tt0107048
1294827,蜘蛛巢城 蜘蛛巣城,12,286,8.5,36061,8.3,40,tt0050613
1305896,复仇之日 Vredens dag,12,287,8.3,3660,8.5,15,tt0036506
1300964,我略知她一二 2 ou 3 choses que je sais d'elle,12,288,7.5,4188,7.7,23,tt0060304
1401368,潘多拉的魔盒 Die Büchse der Pandora,12,289,8.1,3408,9.2,10,tt0018737
1303255,上升 Восхождение,12,290,8.1,2583,8.2,17,tt0075404
1294531,牺牲 Offret,12,291,8.7,20434,8.4,43,tt0091670
1466419,影子部队 L'armée des ombres,12,292,8.5,10634,8.9,36,tt0064040
1303345,深锁春光一院愁 All That Heaven Allows,12,293,7.5,4397,8.1,21,tt0047811
1298347,印度之歌 India Song,12,294,7.5,1875,8.6,16,tt0073166
1292047,蓝白红三部曲之红 Trois couleurs: Rouge,12,295,8.8,132833,8.8,78,tt0111495
1291937,关于我母亲的一切 Todo sobre mi madre,12,296,8.5,76780,8.7,65,tt0185125
1293352,夜长梦多 The Big Sleep,12,297,7.2,6871,7.9,19,tt0038355
1296282,歌厅 Cabaret,12,298,8.8,15226,9.1,34,tt0068327
1292679,春光乍泄 春光乍洩,12,299,9.0,687851,9.3,103,tt0118845
1293566,不可饶恕 Unforgiven,12,300,8.5,82694,8.7,41,tt0105695
1299330,爵士春秋 All That Jazz,13,301,8.5,11305,8.6,41,tt0078754
1305878,"远方的声音 Distant Voices, Still Lives",13,302,7.6,1376,7.6,10,tt0095037
1293511,穷街陋巷 Mean Streets,13,303,7.5,13031,7.5,31,tt0070379
1298870,浮云 浮雲,13,304,8.5,13114,9.0,32,tt0048757
1791033,痛苦的大地 Terra em Transe,13,305,7.8,617,7.5,4,tt0062352
1305790,于洛先生的假期 Les vacances de Monsieur Hulot,13,306,8.0,11865,7.6,38,tt0046487
1440613,音乐室 জলসাঘর,13,307,8.2,1726,8.0,9,tt0051792
1297874,马耳他之鹰 The Maltese Falcon,13,308,7.4,15753,7.1,38,tt0033870
1468782,孤独的妻子 চারুলতা,13,309,7.8,1092,7.5,8,tt0057935
1295720,大树之歌 অপুর সংসার,13,310,8.6,5805,8.3,29,tt0052572
4086853,忧郁症 Melancholia,13,311,7.2,36981,7.8,52,tt1527186
1292644,面孔 Faces,13,312,8.1,2846,8.5,20,tt0062952
1292208,上帝之城 Cidade de Deus,13,313,9.0,324155,9.3,64,tt0317248
1416898,鲸鱼马戏团 Werckmeister harmóniák,13,314,8.7,16320,8.3,33,tt0249241
1432669,我是古巴 Я - Куба,13,315,9.1,19229,8.9,50,tt0058604
1292735,北方的纳努克 Nanook of the North,13,316,8.5,19243,7.6,27,tt0013427
5964718,一次别离 جدایی نادر از سیمین,13,317,8.8,259334,9.2,85,tt1832382
1294047,凡尔杜先生 Monsieur Verdoux,13,318,8.7,12519,9.1,26,tt0039631
1295276,录影带谋杀案 Videodrome,13,319,7.4,12200,8.1,33,tt0086541
1437023,公路之王 Im Lauf der Zeit,13,320,8.3,6122,8.8,13,tt0073152
1292790,感官世界 愛のコリーダ,13,321,7.0,100107,7.5,55,tt0074102
1295942,畸形人 Freaks,13,322,7.9,8387,8.1,16,tt0022913
1300660,柏林亚历山大广场 Berlin Alexanderplatz,13,323,8.9,1216,9.7,7,tt0080196
1295913,美女与野兽 La belle et la bête,13,324,7.7,5036,8.2,21,tt0038348
1292840,费城故事 The Philadelphia Story,13,325,7.4,9050,6.5,13,tt0032904
1296528,星球大战2：帝国反击战 Star Wars: Episode V - The Empire Strikes Back,14,326,8.4,114414,8.3,41,tt0080684
1293663,天国与地狱 天国と地獄,14,327,8.8,22481,8.9,35,tt0057565
1293401,劳拉·蒙特斯 Lola Montès,14,328,7.7,2718,8.0,21,tt0048308
1301648,柳媚花娇 Les Demoiselles de Rochefort,14,329,8.0,4452,7.9,37,tt0062873
1303095,夫君 Husbands,14,330,7.7,1493,8.8,13,tt0065867
1295943,夜夜春宵 A Canterbury Tale,14,331,7.3,702,7.3,3,tt0036695
1293399,莫扎特传 Amadeus,14,332,8.7,100282,8.6,38,tt0086879
1294584,雌雄大盗 Bonnie and Clyde,14,333,8.2,53811,8.3,55,tt0061418
1293270,寻子遇仙记 The Kid,14,334,9.2,48917,8.8,52,tt0012349
1861216,诗人悲歌 Pyaasa,14,335,7.8,456,6.0,3,tt0050870
1292206,地下 Подземље,14,336,9.2,77981,9.5,70,tt0114787
1300572,童年往事,14,337,8.9,73785,8.7,68,tt0090185
1298420,残花泪 Broken Blossoms or The Yellow Man and the Girl,14,338,8.1,4497,6.8,10,tt0009968
1292772,喜剧之王 The King of Comedy,14,339,8.5,23462,8.6,55,tt0085794
1299932,恐惧的代价 Le Salaire de la peur,14,340,8.6,15782,8.8,47,tt0046268
1297628,午夜牛郎 Midnight Cowboy,14,341,8.3,23434,8.5,34,tt0064665
1306490,侠女 俠女,14,342,8.6,40311,8.7,52,tt0064451
1302077,雁南飞 Летят журавли,14,343,8.8,21711,8.7,54,tt0050634
1296338,周末 Week End,14,344,8.0,6497,8.0,27,tt0062480
1303569,死吻 Kiss Me Deadly,14,345,7.0,2799,7.4,16,tt0048261
1291877,两生花 La Double vie de Véronique,14,346,8.3,85860,8.9,72,tt0101765
1295225,西区故事 West Side Story,14,347,7.5,12714,7.6,22,tt0055614
1460605,云遮星 মেঘে ঢাকা তারা,14,348,7.7,754,7.1,7,tt0054073
3592854,疯狂的麦克斯4：狂暴之路 Mad Max: Fury Road,14,349,8.7,598104,8.6,94,tt1392190
1293374,热天午后 Dog Day Afternoon,14,350,8.7,112365,8.8,57,tt0072890
26688480,逃出绝命镇 Get Out,15,351,7.8,423319,7.2,77,tt5052448
1297996,活死人之夜 Night of the Living Dead,15,352,7.4,10800,7.6,26,tt0063350
1302941,戏梦人生 戲夢人生,15,353,8.3,11813,8.6,29,tt0107157
1401598,他 El,15,354,7.4,965,7.1,9,tt0045361
1477852,"出局：禁止接触 Out 1, noli me tangere",15,355,8.3,768,9.4,10,tt0246135
1298026,最后一场电影 The Last Picture Show,15,356,8.0,4339,8.8,13,tt0067328
1293322,青山翠谷 How Green Was My Valley,15,357,8.3,7007,7.8,11,tt0033729
1292750,魂断情天 Some Came Running,15,358,7.4,484,6.7,3,tt0052218
1306266,木屐树 L'albero degli zoccoli,15,359,8.7,4616,9.6,15,tt0077138
1295684,一夜风流 It Happened One Night,15,360,8.8,65616,8.3,46,tt0025316
1302017,明日之歌 Make Way for Tomorrow,15,361,8.2,1846,7.6,11,tt0029192
1300353,巴黎最后的探戈 Ultimo tango a Parigi,15,362,7.1,40106,7.6,45,tt0070849
1401529,榅桲树阳光 El sol del membrillo,15,363,8.6,2623,8.6,16,tt0105438
1295905,天堂之门 Heaven's Gate,15,364,7.2,1253,8.2,8,tt0080855
1293844,莫里埃尔 Muriel ou Le temps d'un retour,15,365,7.7,1875,7.8,17,tt0057336
1298442,艳贼 Marnie,15,366,7.3,24491,6.6,31,tt0058329
1303465,橄榄树下的情人 زير درختان زيتون,15,367,8.3,22847,8.3,57,tt0111845
1293544,沉默的羔羊 The Silence of the Lambs,15,368,8.9,978478,8.8,99,tt0102926
1293320,金玉盟 An Affair to Remember,15,369,8.2,11080,8.0,14,tt0050105
1292515,用心棒,15,370,9.0,59615,8.9,47,tt0055630
1292812,哈洛与慕德 Harold and Maude,15,371,8.2,8503,7.6,11,tt0067185
1297130,定理 Teorema,15,372,7.7,5758,8.5,28,tt0063678
1299665,偷窥狂 Peeping Tom,15,373,7.9,11450,7.9,25,tt0054167
1297105,陆上行舟 Fitzcarraldo,15,374,8.6,15743,9.2,28,tt0083946
1303459,妖夜慌踪 Lost Highway,15,375,8.1,35792,8.7,60,tt0116922
1303723,天堂陌影 Stranger Than Paradise,16,376,8.5,18717,8.4,39,tt0088184
1303302,苦雨恋春风 Written on the Wind,16,377,7.3,2518,7.3,11,tt0049966
1299360,我出生了，但…… 大人の見る絵本 生れてはみたけれど,16,378,8.7,6629,8.9,21,tt0023634
1294382,火山边缘之恋 Stromboli,16,379,7.9,3444,8.4,22,tt0041931
1868546,双车道柏油路 Two-lane Blacktop,16,380,7.5,1177,7.7,15,tt0067893
2464346,白丝带 Das weiße Band – Eine deutsche Kindergeschichte,16,381,8.2,37712,8.8,59,tt1149362
3285632,都灵之马 A torinói ló,16,382,8.4,29751,7.8,36,tt1316540
1308422,安然无恙 Safe,16,383,7.3,1630,6.9,13,tt0114323
1293792,异形2 Aliens,16,384,8.1,187803,7.4,55,tt0090605
1293200,象人 The Elephant Man,16,385,8.3,35977,8.1,45,tt0080678
1438613,谋杀地下老板 The Killing of a Chinese Bookie,16,386,7.8,2326,8.8,12,tt0074749
1293095,摇滚万万岁 This Is Spinal Tap,16,387,7.4,3750,6.5,8,tt0088258
1291556,乡愁 Ностальгия,16,388,9.1,51514,8.9,51,tt0086022
3749974,皮囊之下 Under the Skin,16,389,6.3,48377,8.0,53,tt1441395
1301655,特丽丝塔娜 Tristana,16,390,7.7,3036,7.6,14,tt0066491
2245725,"燃火的时刻 La hora de los hornos Notas y testimonios sobre el neocolonialismo, la violencia y la liberación",16,391,8.7,739,9.0,4,tt0063084
1400829,我的舅舅 Mon oncle,16,392,8.5,23766,8.8,45,tt0050706
1298759,狗镇 Dogville,16,393,8.4,160505,8.1,65,tt0276919
1301895,奥兰多 Orlando,16,394,8.3,32793,7.5,20,tt0107756
1292768,首演之夜 Opening Night,16,395,8.4,5804,8.6,20,tt0079672
1925767,界限 Limite,16,396,7.5,505,7.3,6,tt0022080
1300323,十三个月亮 In einem Jahr mit 13 Monden,16,397,8.1,2365,8.0,13,tt0077729
1293299,日以作夜 La nuit américaine,16,398,8.4,16007,8.8,31,tt0070460
1303580,"圣弗朗西斯之花 Francesco, giullare di Dio",16,399,7.8,1231,7.8,8,tt0042477
1295812,砂之女 砂の女,16,400,8.6,15114,9.1,32,tt0058625
1300956,一九零零 Novecento,17,401,8.6,12159,9.0,14,tt0074084
1296388,细细的蓝线 The Thin Blue Line,17,402,8.1,5175,7.7,19,tt0096257
3047620,无头的女人 La mujer sin cabeza,17,403,7.2,1451,8.0,12,tt1221141
1308333,我走我路 I Know Where I'm Going!,17,404,6.9,727,6.5,4,tt0037800
1296332,阴风阵阵 Suspiria,17,405,7.6,24974,7.5,38,tt0076786
1292536,罪与错 Crimes and Misdemeanors,17,406,8.0,6262,8.3,14,tt0097123
1297399,怪房客 Le locataire,17,407,7.8,23284,7.4,28,tt0074811
1300306,一个国家的诞生 The Birth of a Nation,17,408,7.9,11963,8.0,16,tt0004972
1436764,奥菲斯 Orphée,17,409,8.3,4093,8.0,10,tt0041719
1297735,没有面孔的眼睛 Les yeux sans visage,17,410,7.5,7972,7.5,19,tt0053459
1303578,米兰的奇迹 Miracolo a Milano,17,411,7.9,2844,7.6,16,tt0043809
1291835,迷失东京 Lost in Translation,17,412,7.8,241054,8.0,88,tt0335266
1295578,活死人黎明 Dawn of the Dead,17,413,7.3,10534,7.8,13,tt0077402
1293715,总统班底 All the President's Men,17,414,8.0,10375,8.1,14,tt0074119
1297756,白雪公主和七个小矮人 Snow White and the Seven Dwarfs,17,415,8.4,137173,7.8,28,tt0029583
1294005,天涯何处觅知音 Splendor in the Grass,17,416,7.9,2220,7.4,7,tt0055471
1310179,幻想曲 Fantasia,17,417,8.9,18515,8.2,9,tt0032455
1297918,春闺风月 The Awful Truth,17,418,7.5,1154,8.0,4,tt0028597
1292981,婚姻生活 Scener ur ett äktenskap,17,419,9.0,30595,8.8,51,tt0070644
1848300,欢愉 Le plaisir,17,420,8.2,3895,8.5,13,tt0045034
1300464,雀西女郎 Chelsea Girls,17,421,6.6,843,8.0,5,tt0061465
1293321,一九五一年的欧洲 Europa '51,17,422,8.0,2693,8.2,13,tt0043511
1401612,龙头之死 Salvatore Giuliano,17,423,7.6,823,7.0,6,tt0055399
1302012,科学怪人的新娘 The Bride of Frankenstein,17,424,7.7,4222,7.3,11,tt0026138
1307973,如果 If....,17,425,8.0,5551,8.0,15,tt0063850
1483516,幸福 Le bonheur,18,426,8.3,5890,8.2,26,tt0058985
1299236,漫长的告别 The Long Goodbye,18,427,7.5,3989,8.3,18,tt0070334
1302606,天使与我同桌 An Angel at My Table,18,428,8.0,2531,7.8,8,tt0099040
1297203,着魔 Possession,18,429,8.0,60225,8.7,43,tt0082933
1925768,二十年后 Cabra Marcado Para Morrer,18,430,7.7,153,6.0,1,tt0134402
6875451,神圣车行 Holy Motors,18,431,8.0,27477,8.9,71,tt2076220
1296792,冬日之光 Nattvardsgästerna,18,432,8.2,8362,8.5,25,tt0057358
1440106,被遗忘的祖先的阴影 Тіні забутих предків,18,433,8.4,4799,8.4,18,tt0058642
1292052,肖申克的救赎 The Shawshank Redemption,18,434,9.7,3158290,8.9,117,tt0111161
1305690,阿飞正传 阿飛正傳,18,435,8.5,552602,8.7,114,tt0101258
1295619,一个明星的诞生 A Star Is Born,18,436,7.6,2258,8.2,10,tt0047522
1437013,乞丐 Accattone,18,437,8.3,4347,8.2,24,tt0054599
1299799,赌城风云 Casino,18,438,8.3,53412,8.0,30,tt0112641
1298465,放荡的女皇 The Scarlet Empress,18,439,7.1,1131,6.0,6,tt0025746
1297549,摄影师 The Cameraman,18,440,8.4,3973,8.4,10,tt0018742
1297531,电视台风云 Network,18,441,8.3,13888,8.3,29,tt0074958
1303451,海上花,18,442,8.2,88732,8.7,68,tt0156587
1294377,大地在波动 La terra trema,18,443,8.2,2939,7.1,18,tt0040866
1299077,赤裸裸 Naked,18,444,7.7,9273,7.4,22,tt0107653
1296659,舞台春秋 Limelight,18,445,8.9,10327,8.7,22,tt0044837
1294825,无辜的人 The Innocents,18,446,7.8,5518,7.1,11,tt0055018
1307994,风 The Wind,18,447,8.0,953,8.7,6,tt0019585
1401616,兰基先生的罪行 Le Crime de Monsieur Lange,18,448,7.2,736,8.0,7,tt0027478
24872189,托尼·厄德曼 Toni Erdmann,18,449,7.6,28127,7.9,50,tt4048272
1293074,法国康康舞 French Cancan,18,450,7.5,1517,7.4,7,tt0046998
1421934,关于我们的爱情 À nos amours,19,451,7.5,2911,8.8,16,tt0086650
1298202,失衡生活 Koyaanisqatsi,19,452,8.6,4715,8.8,21,tt0085809
1294421,伊万的童年 Иваново детство,19,453,8.8,51425,8.6,55,tt0056111
1758347,中部地区 La région centrale,19,454,8.0,383,8.8,5,tt0130232
1292908,家宴 Festen,19,455,8.4,9785,8.0,32,tt0154420
1295877,二楼传来的歌声 Sånger från andra våningen,19,456,8.1,12565,7.7,29,tt0120263
1304310,月球旅行记 Le voyage dans la lune,19,457,9.2,49747,9.3,53,tt0000417
11538029,杀戮演绎 The Act of Killing,19,458,8.4,10305,8.5,29,tt2375605
1298095,射杀钢琴师 Tirez sur le pianiste,19,459,7.8,8392,7.9,26,tt0054389
1300034,德尔苏·乌扎拉 Дерсу Узала,19,460,8.3,10911,8.1,20,tt0071411
1293318,萤火虫之墓 火垂るの墓,19,461,8.7,429391,8.2,50,tt0095327
1297024,十月 Октябрь,19,462,8.0,2066,7.2,8,tt0018217
1299344,巴黎在燃烧 Paris Is Burning,19,463,8.9,4686,8.7,17,tt0100332
1432707,倾听不列颠 Listen to Britain,19,464,7.6,799,6.0,6,tt0034978
1302827,人工智能 A.I. Artificial Intelligence,19,465,8.7,486079,7.6,65,tt0212720
1767042,潘神的迷宫 El laberinto del fauno,19,466,7.9,255461,7.8,67,tt0457430
1294724,"美国哈兰县 Harlan County, U.S.A.",19,467,8.7,1404,8.2,8,tt0074605
1292757,木偶奇遇记 Pinocchio,19,468,8.4,62847,8.4,15,tt0032910
1303417,棕榈滩的故事 The Palm Beach Story,19,469,6.8,844,6.5,4,tt0035169
1829859,旺妲的房间 No Quarto da Vanda,19,470,7.9,842,9.4,10,tt0139500
1292211,对她说 Hable con ella,19,471,8.4,92478,9.3,62,tt0287467
1292963,"船长二世 Steamboat Bill, Jr.",19,472,8.6,6051,8.2,19,tt0019421
1857095,恋爱症候群 แสงศตวรรษ,19,473,7.9,6909,8.5,33,tt0477731
2369090,浮于碧海 У самого синего моря,19,474,7.0,226,5.0,2,tt0028436
26809592,魅影缝匠 Phantom Thread,19,475,7.5,102102,7.9,76,tt5776858
1292272,大象 Elephant,20,476,7.9,77294,8.6,59,tt0363589
1298521,正午 High Noon,20,477,8.4,27345,8.2,31,tt0044706
1303529,死者 The Dead,20,478,7.5,1208,7.8,13,tt0092843
1294252,雾中风景 Τοπίο στην ομίχλη,20,479,9.0,54556,9.0,61,tt0096288
1305139,原野神驹 Wagon Master,20,480,7.5,465,8.7,3,tt0043117
1299603,落水狗 Reservoir Dogs,20,481,8.4,237727,8.1,66,tt0105236
1769364,无医可靠 Moartea domnului Lãzãrescu,20,482,7.9,1307,7.0,14,tt0456149
1471815,萝拉 Lola,20,483,7.9,3079,8.2,27,tt0055093
1291850,站台,20,484,8.4,76538,8.7,70,tt0258885
1294477,秘密与谎言 Secrets & Lies,20,485,8.0,10990,8.3,30,tt0117589
1292664,魔女嘉莉 Carrie,20,486,7.6,41698,8.6,39,tt0074285
1785241,艰辛岁月 Vidas Secas,20,487,7.7,562,8.0,2,tt0057654
1303572,战国妖姬 Senso,20,488,7.3,2483,6.9,7,tt0047469
1304857,我与长指甲 Withnail & I,20,489,7.7,3509,7.0,6,tt0094336
1293323,大红灯笼高高挂,20,490,8.8,343690,8.6,76,tt0101640
5959260,小亚细亚往事 Bir Zamanlar Anadolu'da,20,491,7.8,13124,8.3,37,tt1827487
24719134,扎马 Zama,20,492,7.2,3435,8.1,25,tt3409848
1293230,柏蒂娜的苦泪 Die bitteren Tränen der Petra von Kant,20,493,7.8,3094,7.0,14,tt0068278
1292000,搏击俱乐部 Fight Club,20,494,9.0,928890,8.9,107,tt0137523
1299517,江湖浪子 The Hustler,20,495,7.7,3280,7.6,11,tt0054997
1303472,双峰：与火同行 Twin Peaks: Fire Walk with Me,20,496,8.0,14875,7.9,37,tt0105665
1857099,老无所依 No Country for Old Men,20,497,8.4,336472,8.6,78,tt0477348
1294958,桂河大桥 The Bridge on the River Kwai,20,498,8.4,28809,8.7,25,tt0050212
1298192,五支歌 Five Easy Pieces,20,499,7.8,2010,7.6,11,tt0065724
1299027,凶线 Blow Out,20,500,7.6,9137,8.1,30,tt0082085
1294698,逃亡 To Have and Have Not,21,501,7.7,2481,7.8,8,tt0037382
1292767,原野奇侠 Shane,21,502,7.6,4155,6.8,13,tt0046303
1297991,杀死一只知更鸟 To Kill a Mockingbird,21,503,8.6,65347,7.9,35,tt0056592
1292881,万世魔星 Life of Brian,21,504,8.0,12242,7.6,17,tt0079470
1300522,男性，女性 Masculin féminin,21,505,8.0,6199,8.4,21,tt0060675
1306847,乱世英豪 Marketa Lazarová,21,506,8.0,1693,7.8,8,tt0063278
1294413,下一站，天国 ワンダフルライフ,21,507,8.1,21170,8.2,39,tt0165078
1295211,待客之道 Our Hospitality,21,508,8.6,7300,7.5,11,tt0014341
1297359,幽灵公主 もののけ姫,21,509,8.9,572913,8.6,62,tt0119698
1303081,严密监视的列车 Ostře sledované vlaky,21,510,8.1,6735,8.2,29,tt0060802
1420238,纯真时刻 نون و گلدون,21,511,8.2,3113,8.0,8,tt0117214
1297833,银色·性·男女 Short Cuts,21,512,8.0,5901,8.4,18,tt0108122
1438734,内陆帝国 Inland Empire,21,513,7.8,13222,8.4,38,tt0460829
1401842,麦秋 麥秋,21,514,8.6,13855,8.7,36,tt0043313
1308865,老男孩 올드보이,21,515,8.2,322964,8.1,83,tt0364569
1292682,欲望号快车 Crash,21,516,7.0,17539,8.6,37,tt0115964
1292697,虎胆龙威 Die Hard,21,517,8.2,89643,8.1,35,tt0095016
1303471,生生长流 زندگی و دیگر هیچ,21,518,8.8,21930,8.9,53,tt0105888
26088510,双峰 第三季 Twin Peaks Season 3,21,519,8.9,13054,9.9,24,tt4093826
1292965,不羁夜 Boogie Nights,21,520,7.5,26951,8.3,50,tt0118749
1301465,纯真年代 The Age of Innocence,21,521,8.1,64915,8.2,45,tt0106226
1293297,孽扣 Dead Ringers,21,522,7.8,7862,8.1,25,tt0094964
1296583,卡斯帕尔·豪泽尔之谜 Jeder für sich und Gott gegen alle,21,523,8.5,10358,9.0,31,tt0071691
1294169,伊甸园之东 East of Eden,21,524,8.2,5643,8.3,13,tt0048028
3013046,法国贩毒网 The French Connection,21,525,7.8,14398,8.5,30,tt0067116
1303869,吸血鬼 Les Vampires,22,526,7.9,514,5.0,2,tt0006206
1296591,纳粹狂魔 La caduta degli dei (Götterdämmerung),22,527,7.7,2179,6.3,6,tt0064118
1293182,十二怒汉 12 Angry Men,22,528,9.4,551384,9.3,79,tt0050083
1293306,爱丽丝城市漫游记 Alice in den Städten,22,529,8.6,9697,8.8,36,tt0069687
1900841,窃听风暴 Das Leben der Anderen,22,530,9.2,613341,8.7,83,tt0405094
1305235,浮士德 Faust: Eine deutsche Volkssage,22,531,8.5,5620,8.2,8,tt0016847
2209575,少年时代 Boyhood,22,532,8.5,226333,8.7,77,tt1065073
1306559,大河之歌 অপরাজিত,22,533,8.7,6538,8.4,37,tt0048956
1300299,杀人回忆 살인의 추억,22,534,8.9,801091,9.0,109,tt0353969
1299973,亚历山大·涅夫斯基 Александр Невский,22,535,7.1,1107,6.8,5,tt0029850
1429098,光之翼 Yeelen,22,536,7.6,425,8.0,2,tt0094349
1303444,随风而逝 باد ما را خواهد برد,22,537,8.1,23046,8.3,48,tt0209463
1417428,蓝 Blue,22,538,8.6,11021,8.4,19,tt0106438
1305883,步步惊魂 Point Blank,22,539,7.4,1293,7.5,8,tt0062138
1297926,妮诺契卡 Ninotchka,22,540,7.8,5988,8.5,20,tt0031725
1300820,罗塞塔 Rosetta,22,541,8.2,19900,8.8,46,tt0200071
1296879,歌声俪影 A Night at the Opera,22,542,7.2,732,6.5,4,tt0026778
1300656,终结者 The Terminator,22,543,8.2,223842,7.7,46,tt0088247
1389949,日瓦戈医生 Doctor Zhivago,22,544,8.5,22091,8.7,28,tt0059113
4307515,故乡之光 Nostalgia de la luz,22,545,8.4,2126,8.5,11,tt1556190
1478064,人类之子 Children of Men,22,546,7.6,91194,8.0,56,tt0206634
1303150,阿伦人 Man of Aran,22,547,7.7,668,7.7,7,tt0025456
1292764,汉娜姐妹 Hannah and Her Sisters,22,548,8.0,15060,7.9,28,tt0091167
1306449,怒火青春 La Haine,22,549,8.3,23399,8.6,28,tt0113247
1292584,上海小姐 The Lady from Shanghai,22,550,8.0,9362,8.1,29,tt0040525
1299539,悬崖上的野餐 Picnic at Hanging Rock,23,551,7.5,10993,6.8,19,tt0073540
1429055,"我你他她 Je, tu, il, elle",23,552,7.8,2888,7.9,22,tt0071690
1292223,七宗罪 Se7en,23,553,8.8,1020850,8.5,95,tt0114369
1300211,私恋失调 Punch-Drunk Love,23,554,7.8,19922,8.6,57,tt0272338
1298505,火车怪客 Strangers on a Train,23,555,8.1,48426,8.1,41,tt0044079
1293499,青年林肯 Young Mr. Lincoln,23,556,7.4,1663,7.1,7,tt0032155
1294408,音乐之声 The Sound of Music,23,557,9.1,659458,8.4,67,tt0059742
1302279,俄罗斯方舟 Русский ковчег,23,558,7.5,14421,7.9,49,tt0318034
1297602,虎豹小霸王 Butch Cassidy and the Sundance Kid,23,559,8.6,23314,8.9,27,tt0064115
1294782,很可能是魔鬼 Le diable probablement,23,560,7.8,4143,8.2,16,tt0075938
2131459,机器人总动员 WALL·E,23,561,9.3,1431471,9.3,106,tt0910970
1307177,与僵尸同行 I Walked with a Zombie,23,562,7.1,936,8.7,6,tt0036027
1303462,离魂异客 Dead Man,23,563,8.0,24782,7.8,43,tt0112817
1303067,影武者,23,564,9.1,80560,8.8,45,tt0080979
1420042,默文·卡拉 Morvern Callar,23,565,7.6,961,6.8,5,tt0300214
4117025,当我往前走之时偶尔会瞥到一缕美丽之景 As I Was Moving Ahead Occasionally I Saw Brief Glimpses of Beauty,23,566,8.5,652,9.3,6,tt0262240
1401595,无粮的土地 Las Hurdes,23,567,8.0,2528,7.6,11,tt0023037
1418834,断背山 Brokeback Mountain,23,568,8.8,758182,8.9,97,tt0388795
1293358,爱情神话 Fellini - Satyricon,23,569,7.7,6516,7.9,17,tt0064940
1299353,婚礼进行曲 The Wedding March,23,570,7.2,122,4.0,1,tt0019558
1293256,富贵逼人来 Being There,23,571,8.1,6806,7.5,12,tt0078841
1292453,疯狂的麦克斯2 Mad Max 2,23,572,7.3,26015,7.5,15,tt0082694
1291876,黄土地,23,573,8.0,41701,7.7,39,tt0087433
4729942,桑比赞加 Sambizanga,23,574,,,,,
1295427,蓝天使 Der blaue Engel,23,575,7.7,3670,7.5,13,tt0020697
1441134,马布斯博士的遗嘱 Das Testament des Dr. Mabuse,24,576,8.3,2144,7.4,7,tt0023563
6433905,大师 The Master,24,577,7.4,21407,7.7,60,tt1560747
1303082,金发女郎的爱情 Lásky jedné plavovlásky,24,578,7.4,1615,7.1,7,tt0059415
1297646,逍遥骑士 Easy Rider,24,579,8.3,27754,8.2,46,tt0064276
1294072,罗拉秘史 Laura,24,580,7.7,4125,8.0,15,tt0037008
1306489,豹族 Cat People,24,581,7.3,1712,8.0,14,tt0034587
1293817,辣手摧花 Shadow of a Doubt,24,582,7.6,31830,8.1,35,tt0036342
1300958,沉默 Tystnaden,24,583,8.2,7952,8.3,19,tt0057611
1303071,朦胧的欲望 Cet obscur objet du désir,24,584,8.1,12958,8.4,30,tt0075824
1292720,阿甘正传 Forrest Gump,24,585,9.5,2347151,8.5,111,tt0109830
1298043,巴顿·芬克 Barton Fink,24,586,8.1,39564,8.5,57,tt0101410
1780560,来自东方 D'Est,24,587,8.1,1641,8.4,17,tt0106642
2368557,富人，穷人 Plácido,24,588,6.8,106,6.0,1,tt0055310
1401588,法外之徒 Bande à part,24,589,8.5,36505,8.7,50,tt0057869
1855271,高于生活 Bigger Than Life,24,590,7.6,1965,7.9,19,tt0049010
1303553,仆人 The Servant,24,591,8.3,4268,9.0,21,tt0057490
1299586,月光光心慌慌 Halloween,24,592,6.8,21769,6.9,30,tt0077651
1292215,天使爱美丽 Le Fabuleux destin d'Amélie Poulain,24,593,8.7,1001623,8.9,99,tt0211915
1303546,路易十四的崛起 La prise de pouvoir par Louis XIV,24,594,7.1,540,8.0,3,tt0060860
1291571,指环王1：护戒使者 The Lord of the Rings: The Fellowship of the Ring,24,595,9.1,924509,8.6,99,tt0120737
1292523,侏罗纪公园 Jurassic Park,24,596,8.3,340850,8.0,46,tt0107290
1301647,冷血惊魂 Repulsion,24,597,7.7,8788,7.7,23,tt0059646
1432639,故事中的故事 Сказка сказок,24,598,8.7,6791,9.0,12,tt0079986
1301168,卧虎藏龙 臥虎藏龍,24,599,8.4,521626,8.4,97,tt0190332
1297737,窈窕淑男 Tootsie,24,600,8.1,15151,7.9,18,tt0084805
1876327,共生心理分类学：第1幕 Symbiopsychotaxiplasm: Take One,25,601,7.4,422,7.2,5,tt0296881
1291844,终结者2：审判日 Terminator 2: Judgment Day,25,602,8.8,370698,8.9,57,tt0103064
1294244,绅士爱美人 Gentlemen Prefer Blondes,25,603,7.9,11957,8.2,17,tt0045810
1419111,灰色花园 Grey Gardens,25,604,8.2,3576,8.6,13,tt0073076
1781126,十二宫 Zodiac,25,605,7.5,217161,8.1,70,tt0443706
1937459,前进青春 Juventude em Marcha,25,606,7.5,718,8.4,10,tt0460480
2042560,漫长的一天结束了 The Long Day Closes,25,607,7.5,1208,8.0,5,tt0104753
1293484,哈泰利 Hatari!,25,608,7.8,856,8.0,6,tt0056059
25774676,西印度群岛 West Indies,25,609,,,,,
1300352,七次机会 Seven Chances,25,610,8.9,16195,8.7,25,tt0016332
1300055,全金属外壳 Full Metal Jacket,25,611,8.6,148016,8.6,66,tt0093058
1302815,罗马风情画 Roma,25,612,8.2,10392,8.3,40,tt0069191
2028819,"纽约提喻法 Synecdoche, New York",25,613,8.3,24723,8.4,45,tt0383028
1293561,生死狂澜 Deliverance,25,614,7.5,2404,8.7,6,tt0068473
1301798,不法之徒 Down by Law,25,615,8.1,14987,8.0,37,tt0090967
1823255,卢丹的恶魔 The Devils,25,616,7.8,2135,6.0,3,tt0066993
2368633,我的朋友伊万·拉布辛 Мой друг Иван Лапшин,25,617,7.0,163,,0,tt0084345
1462674,无望的人们 Szegénylegények,25,618,7.8,2131,7.6,20,tt0059776
1294848,天意 Providence,25,619,8.0,1129,8.0,7,tt0076574
1291559,新桥恋人 Les amants du Pont-Neuf,25,620,8.2,63415,8.5,72,tt0101318
1295167,影子 Shadows,25,621,7.6,2808,8.0,19,tt0053270
1305611,异教徒 The Wicker Man,25,622,7.9,18159,7.7,23,tt0070917
1439463,爱德华·蒙克 Edvard Munch,25,623,8.5,2314,9.2,12,tt0074462
1298894,夜阑人未静 The Asphalt Jungle,25,624,7.8,2878,8.0,9,tt0042208
1293599,三女性 3 Women,25,625,8.1,5042,8.8,20,tt0075612
1302490,布杜落水遇救记 Boudu sauvé des eaux,26,626,7.6,1178,8.0,5,tt0022718
1775245,天蝎星升起 Scorpio Rising,26,627,7.4,1732,7.3,14,tt0058555
1401915,红圈 Le cercle rouge,26,628,8.3,13240,8.0,36,tt0065531
1855300,锦绣华堂 The Ladies Man,26,629,7.0,375,4.0,4,tt0055069
1298230,粉红色的火烈鸟 Pink Flamingos,26,630,5.6,15574,7.1,9,tt0069089
1434175,杰森的画像 Portrait of Jason,26,631,7.6,235,6.7,3,tt0062144
1316524,"阿尔法城 Alphaville, une étrange aventure de Lemmy Caution",26,632,7.8,11343,8.1,30,tt0058898
1305223,别回头 Dont Look Back,26,633,8.5,2507,8.8,13,tt0061589
1294642,黄金马车 Le carrosse d'or,26,634,6.9,711,7.1,7,tt0044487
1293824,蝴蝶梦 Rebecca,26,635,8.3,105394,8.0,50,tt0032976
1301151,豺狼时刻 Vargtimmen,26,636,8.0,4408,8.2,17,tt0063759
1300027,比利小子 Pat Garrett and Billy the Kid,26,637,7.8,1890,8.3,7,tt0070518
1304920,切腹,26,638,9.3,53770,9.6,61,tt0056058
1417947,金盔 Casque d'or,26,639,7.3,1277,7.1,9,tt0043386
1306031,天才一族 The Royal Tenenbaums,26,640,8.1,52292,7.8,44,tt0265666
1292722,泰坦尼克号 Titanic,26,641,9.5,2395798,8.9,111,tt0120338
1851857,蝙蝠侠：黑暗骑士 The Dark Knight,26,642,9.2,1152683,9.0,111,tt0468569
1304762,寻找西瓜女 The Watermelon Woman,26,643,7.9,2063,8.0,6,tt0118125
1302642,花火 HANA-BI,26,644,8.6,134532,8.6,73,tt0119250
1298951,夜逃鸳鸯 They Live by Night,26,645,7.4,1188,8.0,14,tt0040872
1296929,科学怪人 Frankenstein,26,646,7.5,10065,7.9,18,tt0021884
1295742,洛奇 Rocky,26,647,8.8,73930,8.3,30,tt0075148
1306016,"玩家马布斯博士 Dr. Mabuse, der Spieler",26,648,8.6,2311,8.0,7,tt0013086
1292792,我自己的爱达荷 My Own Private Idaho,26,649,8.3,71790,8.4,46,tt0102494
1299608,疤面人 Scarface,26,650,8.1,5399,8.9,19,tt0023427
1294041,惊天动地抢人头 Bring Me the Head of Alfredo Garcia,27,651,7.1,1011,6.9,7,tt0071249
1302186,罢工 Стачка,27,652,8.2,2197,7.4,14,tt0015361
1297797,篮球梦 Hoop Dreams,27,653,8.6,1938,8.4,5,tt0110057
1303560,纳萨林 Nazarín,27,654,7.7,1185,6.7,6,tt0051983
1322674,捕鼠者 Ratcatcher,27,655,8.2,7418,7.8,13,tt0171685
1295835,小姐弟荒原历险 Walkabout,27,656,7.7,2729,7.3,9,tt0067959
1293840,满洲候选人 The Manchurian Candidate,27,657,7.2,3129,7.0,8,tt0056218
1300779,浪荡儿 I vitelloni,27,658,8.3,11690,8.3,47,tt0046521
1298655,玛丽娅·布劳恩的婚姻 Die Ehe der Maria Braun,27,659,8.3,9058,7.8,22,tt0079095
1293168,礼帽 Top Hat,27,660,7.9,2748,7.1,7,tt0027125
1962586,哈拉 Xala,27,661,7.0,420,6.0,2,tt0073915
1293618,航海家 The Navigator,27,662,8.2,3242,8.0,9,tt0015163
1302770,阿基拉 Akira,27,663,8.5,97768,7.8,72,tt0094625
1292760,贵妇失踪记 The Lady Vanishes,27,664,8.1,34648,7.6,32,tt0030341
2278780,狂喜 Arrebato,27,665,7.7,646,8.7,3,tt0078797
1873535,千禧曼波,27,666,7.2,47615,7.4,61,tt0283283
3077739,预言者 Un prophète,27,667,7.6,18476,7.8,26,tt1235166
1293156,处女泉 Jungfrukällan,27,668,8.5,49825,8.3,48,tt0053976
4798707,爱 Amour,27,669,8.6,96348,8.7,66,tt1602620
1306730,钢琴教师 La pianiste,27,670,7.5,78973,8.1,43,tt0254686
1292994,开罗紫玫瑰 The Purple Rose of Cairo,27,671,8.8,64970,8.6,52,tt0089853
1293782,新科学怪人 Young Frankenstein,27,672,7.4,2384,7.0,6,tt0072431
1295148,小鹿斑比 Bambi,27,673,8.6,40964,8.6,13,tt0034492
2002721,寂静之光 Stellet licht,27,674,7.3,1324,7.2,10,tt0841925
1303358,富城 Fat City,27,675,7.8,585,8.4,5,tt0068575
1293841,倒扣的王牌 Ace in the Hole,28,676,8.7,19627,9.0,33,tt0043338
1302119,工作 Il Posto,28,677,8.3,3078,8.7,11,tt0055320
1291575,玩具总动员 Toy Story,28,678,8.6,410226,8.5,71,tt0114709
1291546,霸王别姬,28,679,9.6,2331907,9.4,123,tt0106332
1300756,幽灵与未亡人 The Ghost and Mrs. Muir,28,680,7.8,852,7.8,8,tt0039420
1298974,我心狂野 Wild at Heart,28,681,7.4,31923,7.4,38,tt0100935
1296835,青春年少 Rushmore,28,682,8.1,26127,7.8,40,tt0128445
1421292,夏日纪事 Chronique d'un été (Paris 1960),28,683,8.1,4343,8.0,24,tt0054745
1440407,入侵者 L'intrus,28,684,7.4,548,7.5,4,tt0422491
1294791,机器战警 RoboCop,28,685,7.8,49168,7.9,34,tt0093870
1291842,当哈利遇到莎莉 When Harry Met Sally...,28,686,8.3,155715,7.9,51,tt0098635
1295073,悲哀和怜悯 Le chagrin et la pitié,28,687,8.1,327,8.0,1,tt0066904
1293936,杀手 The Killing,28,688,8.6,38618,8.7,46,tt0049406
1292528,猜火车 Trainspotting,28,689,8.6,427695,8.6,89,tt0117951
1429116,土狼 Hyènes,28,690,7.4,214,7.0,4,tt0104467
1297127,史密斯先生到华盛顿 Mr. Smith Goes to Washington,28,691,8.5,13297,7.9,26,tt0031679
1307921,远方 Uzak,28,692,8.2,16689,8.6,31,tt0346094
10760030,绝美之城 La grande bellezza,28,693,8.2,63070,7.7,53,tt2358891
1300467,地方英雄 Local Hero,28,694,7.5,780,7.0,4,tt0085859
1419271,给我庇护 Gimme Shelter,28,695,8.3,1993,8.4,5,tt0065780
1300892,内陆惊魂 Wake in Fright,28,696,7.7,1292,8.7,6,tt0067541
1845260,有机体的秘密 W.R. - Misterije organizma,28,697,7.6,1950,8.0,8,tt0067958
1418714,安娜·玛格达丽娜·巴赫的编年史 Chronik der Anna Magdalena Bach,28,698,7.8,1741,8.7,9,tt0062804
1825702,七女人 7 Women,28,699,7.3,214,6.0,4,tt0060050
1297188,自由的幻影 Le fantôme de la liberté,28,700,8.5,18988,8.2,24,tt0071487
1291562,黑暗中的舞者 Dancer in the Dark,29,701,8.2,85245,7.7,56,tt0168629
1291992,末路狂花 Thelma & Louise,29,702,9.0,317241,8.9,84,tt0103074
3073875,鱼缸 Fish Tank,29,703,7.5,32867,7.9,31,tt1232776
1304665,X圣治 CURE キュア,29,704,8.2,24854,8.7,49,tt0123948
1303245,狂欢宴 The Party,29,705,6.9,679,8.0,4,tt0063415
1950330,罗马 Roma,29,706,8.2,151014,8.0,104,tt6155172
2078989,"四月三周两天 4 luni, 3 săptămâni și 2 zile",29,707,8.4,46096,8.8,69,tt1032846
1297264,武士兰士诺 Lancelot du Lac,29,708,7.5,2373,7.7,19,tt0071737
1302814,阿赫迈德王子历险记 Die Abenteuer des Prinzen Achmed,29,709,8.4,2123,7.7,6,tt0015532
1291990,爱在日落黄昏时 Before Sunset,29,710,8.9,625229,9.0,87,tt0381681
1303520,新浪潮 Nouvelle vague,29,711,7.7,864,8.3,7,tt0100274
1395036,推销员 Salesman,29,712,7.9,2471,7.7,7,tt0064921
1401513,各自逃生 Sauve qui peut (la vie),29,713,7.6,2498,8.1,14,tt0079854
1401905,圣山 La montaña sagrada,29,714,8.7,30022,7.8,24,tt0071615
10757577,卡罗尔 Carol,29,715,8.4,302551,7.7,82,tt2402927
1293047,郎心似铁 A Place in the Sun,29,716,7.6,5366,7.4,14,tt0043924
3070921,饥饿 Hunger,29,717,8.0,16532,8.0,26,tt0986233
1293556,阳光普照 The Sun Shines Bright,29,718,6.8,334,4.0,2,tt0046384
1298566,一夜狂欢 A Hard Day's Night,29,719,8.5,6115,7.8,13,tt0058182
1304641,红磨坊 Moulin Rouge!,29,720,7.8,141680,7.4,38,tt0203009
2264801,纸花 Kaagaz Ke Phool,29,721,7.9,203,8.0,1,tt0052954
1294761,大鸟和小鸟 Uccellacci e uccellini,29,722,7.8,2151,7.3,12,tt0061132
1292681,黑潮 Malcolm X,29,723,8.0,4857,9.0,6,tt0104797
1293150,宾虚 Ben-Hur,29,724,8.7,38954,8.1,27,tt0052618
2567883,死神安东尼奥 O Dragão da Maldade contra o Santo Guerreiro,29,725,7.1,285,9.0,2,tt0064256
1303654,杀人短片 Krótki film o zabijaniu,30,726,8.2,17457,7.9,36,tt0095468
2043434,大内幕 The Big Heat,30,727,7.7,2640,8.0,15,tt0045555
1303324,求婚妙术 A New Leaf,30,728,7.4,567,6.0,2,tt0067482
1299628,马戏团 The Circus,30,729,9.2,26951,8.9,32,tt0018773
1902590,这样或那样 De cierta manera,30,730,7.8,124,7.0,2,tt0075915
1292925,伴我同行 Stand by Me,30,731,8.9,119460,8.5,41,tt0092005
1307580,布劳涅森林的女人们 Les dames du Bois de Boulogne,30,732,7.4,2789,7.2,16,tt0037630
1294720,年少轻狂 Dazed and Confused,30,733,7.2,5613,7.1,11,tt0106677
1303568,慕理小镇 Moonfleet,30,734,6.5,390,6.0,5,tt0048387
1421822,提提卡失序记事 Titicut Follies,30,735,8.3,2540,9.2,20,tt0062374
1775077,爱情无计 Design for Living,30,736,7.6,2029,7.2,12,tt0023940
1449829,玉女奇男 The Bad and the Beautiful,30,737,7.6,831,6.8,5,tt0044391
1296679,红胡子 赤ひげ,30,738,8.9,19398,8.0,21,tt0058888
1293428,呐喊 Il grido,30,739,8.0,4118,7.7,20,tt0050458
1297367,公主艳史 Love Me Tonight,30,740,7.2,399,6.0,2,tt0023158
1293073,变蝇人 The Fly,30,741,7.4,47059,8.1,33,tt0091064
1303333,你妈妈也一样 Y tu mamá también,30,742,7.5,24109,7.9,33,tt0245574
1441365,孟加拉虎 Der Tiger von Eschnapur,30,743,7.1,391,5.0,2,tt0052295
1292878,"纽约，纽约 New York, New York",30,744,7.9,3432,6.7,11,tt0076451
1754975,天堂魅影 Phantom of the Paradise,30,745,7.8,1767,8.4,14,tt0071994
6030619,噢，太阳 Soleil Ô,30,746,7.7,191,7.0,4,tt0062285
1308082,前进，神军！ ゆきゆきて、神軍,30,747,8.7,1960,8.7,14,tt0092963
1300961,野孩子 L'enfant sauvage,30,748,7.7,2342,7.7,12,tt0064285
1302252,白痴 Idioterne,30,749,7.4,4818,7.6,20,tt0154421
1303357,纸月亮 Paper Moon,30,750,8.5,18814,8.2,16,tt0070510
3205624,社交网络 The Social Network,31,751,8.2,487756,8.7,107,tt1285016
1306186,意志的胜利 Triumph des Willens,31,752,8.5,18931,8.5,25,tt0025913
1293590,欲望号街车 A Streetcar Named Desire,31,753,8.4,52393,8.2,35,tt0044081
3024645,笔记·日志·素描 Diaries Notes and Sketches,31,754,8.7,821,9.4,7,tt0196499
1303080,"消防员舞会 Horí, má panenko",31,755,8.0,5211,8.2,32,tt0061781
1303089,圣母街上的大人物 I soliti ignoti,31,756,8.2,1623,8.3,6,tt0052216
1966826,硝烟中诞生 Born in Flames,31,757,7.6,273,6.0,1,tt0085267
1293276,抚养亚利桑纳 Raising Arizona,31,758,7.4,12217,7.1,23,tt0093822
1419942,新世界 The New World,31,759,7.1,4519,7.8,19,tt0402399
1302262,要塞风云 Fort Apache,31,760,7.2,913,8.0,3,tt0040369
2368758,金线 Subarnarekha,31,761,7.3,130,,0,tt0056537
1304447,记忆碎片 Memento,31,762,8.7,650184,8.4,90,tt0209144
1296600,绕道 Detour,31,763,7.5,1684,8.0,9,tt0037638
1296992,洛丽塔 Lolita,31,764,7.8,111141,7.6,57,tt0056193
1301214,不羁的美女 La belle noiseuse,31,765,7.5,5382,8.3,13,tt0101428
1466416,热血造物 Flaming Creatures,31,766,7.1,432,6.0,3,tt0054880
1422193,穿制服的女孩 Mädchen in Uniform,31,767,8.4,4540,6.3,6,tt0022183
1293076,国王迷 The Man Who Would Be King,31,768,7.7,853,8.0,4,tt0073341
2061897,大地的年纪 A Idade da Terra,31,769,7.7,338,10.0,1,tt0080910
1302108,维洛妮卡·佛丝 Die Sehnsucht der Veronika Voss,31,770,7.7,2753,7.8,12,tt0084654
1292773,两个英国女孩与欧陆 Les deux anglaises et le continent,31,771,7.6,1777,6.8,8,tt0066989
1296370,爱情万岁 愛情萬歲,31,772,8.0,44523,8.4,77,tt0109066
1299228,沉沦 Ossessione,31,773,7.6,1780,7.7,6,tt0035160
2011855,今古奇观 Hellzapoppin,31,774,8.1,310,6.0,1,tt0033704
1295416,无因的反叛 Rebel Without a Cause,31,775,8.0,17340,8.0,50,tt0048545
1298063,早安 お早よう,32,776,8.6,12420,8.5,37,tt0053134
1297550,远大前程 Great Expectations,32,777,7.8,3871,7.7,6,tt0038574
1303554,审判 Le procès,32,778,8.5,7808,9.1,25,tt0057427
1293305,罗马妈妈 Mamma Roma,32,779,8.2,4422,8.0,24,tt0056215
1299482,情场现形记 Foolish Wives,32,780,7.3,364,6.0,2,tt0013140
1292230,刺杀肯尼迪 JFK,32,781,8.8,43910,8.9,30,tt0102138
1304870,母与子 Мать и сын,32,782,8.1,2844,8.1,14,tt0119711
1295600,摩洛哥 Morocco,32,783,7.3,1128,6.5,4,tt0021156
1303600,近松物语 近松物語,32,784,8.3,6186,8.6,20,tt0046851
1295077,美国狼人在伦敦 An American Werewolf in London,32,785,7.0,3222,7.0,10,tt0082010
1471651,翼 Крылья,32,786,8.0,833,6.8,5,tt0061196
2979522,开罗车站 باب الحديد,32,787,7.5,544,7.0,2,tt0051390
1436690,情歌恋曲 Un chant d'amour,32,788,8.0,1744,8.0,9,tt0043084
1304582,"厨师、大盗、他的太太和她的情人 The Cook, the Thief, His Wife & Her Lover",32,789,7.6,13248,8.0,15,tt0097108
1298412,三十九级台阶 The 39 Steps,32,790,7.8,41178,7.4,34,tt0026029
1292060,米勒的十字路口 Miller's Crossing,32,791,7.8,12536,7.6,28,tt0100150
1295437,春天不是读书天 Ferris Bueller's Day Off,32,792,8.0,58656,7.5,26,tt0091042
1292270,梦之安魂曲 Requiem for a Dream,32,793,8.8,213444,8.5,66,tt0180093
1293846,西力传 Zelig,32,794,8.9,35285,9.0,43,tt0086637
1293448,鬼玩人2 Evil Dead II,32,795,7.3,13333,7.5,12,tt0092991
1307997,祝福 สุดเสน่หา,32,796,7.8,2349,7.5,17,tt0317171
1293213,恶魔 Les Diaboliques,32,797,8.4,20645,8.7,43,tt0046911
3040430,35杯朗姆酒 35 rhums,32,798,7.3,1562,8.0,15,tt1100048
1303378,日烦夜烦 Trouble Every Day,32,799,6.7,3935,8.4,14,tt0204700
1306360,"小野猫公路历险记 Faster, Pussycat! Kill! Kill!",32,800,6.3,971,4.0,1,tt0059170
1296949,巴黎浮世绘 Code inconnu: Récit incomplet de divers voyages,33,801,7.6,7278,7.7,26,tt0216625
1305327,青梅竹马 青梅竹馬,33,802,8.0,37665,7.6,64,tt0089866
1295116,西线无战事 All Quiet on the Western Front,33,803,8.9,32167,7.7,15,tt0020629
1292065,疤面煞星 Scarface,33,804,8.4,96391,7.4,42,tt0086250
1306548,趣味游戏 Funny Games,33,805,7.2,17903,7.5,31,tt0119167
1928196,玛格丽特 Margaret,33,806,6.4,1900,6.7,3,tt0466893
1303293,制片人 The Producers,33,807,7.4,1251,7.0,4,tt0063462
1298471,恐怖走廊 Shock Corridor,33,808,7.7,2890,7.8,12,tt0057495
1418998,梵高 Van Gogh,33,809,7.7,4801,8.5,24,tt0103190
1300952,"崩溃边缘的女人 Mujeres al borde de un ataque de ""nervios""",33,810,7.8,9400,7.5,26,tt0095675
1421933,禁忌的游戏 Jeux interdits,33,811,8.4,5901,7.8,18,tt0043686
1303467,亚伯拉罕山谷 Vale Abraão,33,812,8.1,1601,9.1,13,tt0108471
1303973,狗·星·人：序曲 Prelude: Dog Star Man,33,813,7.1,448,6.0,4,tt0234512
1292511,收播新闻 Broadcast News,33,814,7.0,952,8.0,6,tt0092699
1477717,南方 El sur,33,815,8.3,8975,8.3,38,tt0084740
2266216,罗丝·霍巴德 Rose Hobart,33,816,7.2,328,4.0,1,tt0138758
1296988,巴黎一妇人 A Woman of Paris: A Drama of Fate,33,817,7.5,1900,8.0,7,tt0014624
1872133,三峡好人,33,818,8.4,167861,8.4,91,tt0859765
1291976,狗脸的岁月 Mitt liv som hund,33,819,8.4,18227,9.1,13,tt0089606
1293027,受难记 Passion,33,820,7.3,1555,7.5,8,tt0084481
1293444,巴格达妙贼 The Thief of Bagdad,33,821,7.5,1668,6.7,3,tt0033152
1298494,夏夜的微笑 Sommarnattens leende,33,822,7.6,4280,7.6,15,tt0048641
35225859,小妈妈 Petite maman,33,823,8.0,21536,7.1,47,tt13204490
1296105,幸运儿 O Lucky Man!,33,824,8.3,697,9.0,2,tt0070464
1422951,灰熊人 Grizzly Man,33,825,8.4,7656,9.1,20,tt0427312
1300644,早春 Deep End,34,826,7.5,6720,8.3,13,tt0066122
1303710,裸岛 裸の島,34,827,8.5,3943,7.7,15,tt0056049
5050316,迷失之地 Losing Ground,34,828,7.3,90,8.0,1,tt0084269
1292216,爱情是狗娘 Amores perros,34,829,8.2,52256,7.9,38,tt0245712
1292370,剪刀手爱德华 Edward Scissorhands,34,830,8.7,1096916,8.3,87,tt0099487
1293312,黄巾骑兵队 She Wore a Yellow Ribbon,34,831,6.5,853,6.5,4,tt0041866
2968813,生人勿进 Låt den rätte komma in,34,832,7.6,49690,7.6,32,tt1139797
1303077,电车狂 どですかでん,34,833,7.9,8986,6.7,15,tt0065649
1296935,不可撤销 Irréversible,34,834,6.8,54523,7.0,34,tt0290673
1304603,小飞象 Dumbo,34,835,8.4,36166,8.0,10,tt0033563
1466788,赤线地带 赤線地帯,34,836,8.1,3208,8.1,18,tt0048933
1305337,他人之子 Le fils,34,837,8.1,7160,8.5,44,tt0291172
1449471,蔷薇的葬礼 薔薇の葬列,34,838,8.3,5261,7.7,13,tt0064068
1909533,巴黎公社 La commune (Paris 1871),34,839,8.5,552,6.0,1,tt0257497
1294947,大逃亡 The Great Escape,34,840,8.3,10613,7.8,9,tt0057115
1296030,天外魔花 Invasion of the Body Snatchers,34,841,7.8,5238,7.8,11,tt0049366
1302614,奇异小子 Gummo,34,842,7.5,3732,7.8,10,tt0119237
1962116,我在伊朗长大 Persepolis,34,843,8.7,134227,7.9,38,tt0808417
1438652,无耻混蛋 Inglourious Basterds,34,844,8.7,532311,8.8,105,tt0361748
1304866,女人的烦恼 Female Trouble,34,845,7.6,1854,7.0,4,tt0072979
1301216,歼匪喋血战 White Heat,34,846,8.2,2428,9.2,5,tt0042041
1297042,天使 Angel,34,847,7.7,1653,8.2,12,tt0028575
1301161,惊爆点 Point Break,34,848,7.4,9545,6.9,11,tt0102685
1855658,希特勒：一部德国的电影 Hitler - ein Film aus Deutschland,34,849,8.4,350,4.0,1,tt0076147
1901908,衰弱症 Астенический синдром,34,850,8.1,410,10.0,1,tt0096841
27087724,好莱坞往事 Once Upon a Time... in Hollywood,35,851,7.3,258203,7.5,104,tt7131622
1303525,流浪者之歌 Дом за вешање,35,852,9.0,24508,8.9,20,tt0097223
1295740,我的美国舅舅 Mon oncle d'Amérique,35,853,8.0,5497,8.3,15,tt0081176
1293371,太空先锋 The Right Stuff,35,854,7.8,2412,8.8,10,tt0086197
1295384,星河战队 Starship Troopers,35,855,8.0,112963,8.0,37,tt0120201
10535568,阿黛尔的生活 La Vie d'Adèle,35,856,8.4,274793,8.5,82,tt2278871
1855308,麦基与尼基 Mikey and Nicky,35,857,7.9,804,9.0,2,tt0074901
3012451,"太早，太迟 Trop tôt, trop tard",35,858,7.1,158,8.0,1,tt0083230
3442923,长夜绵绵 Toute une nuit,35,859,7.8,2157,8.8,12,tt0084808
1293677,羞耻 Skammen,35,860,8.2,6216,8.0,5,tt0063611
1298789,菲律宾浴血战 They Were Expendable,35,861,6.6,329,,0,tt0038160
1294915,克莱尔的膝盖 Le genou de Claire,35,862,7.8,16234,8.0,59,tt0065772
1303446,西西里岛 Sicilia!,35,863,7.8,1280,8.6,13,tt0200135
1295295,独领风骚 Clueless,35,864,7.7,46269,6.5,8,tt0112697
1547099,我的小情人 Mes petites amoureuses,35,865,7.3,1110,8.5,12,tt0071833
1292207,铁皮鼓 Die Blechtrommel,35,866,8.3,62834,8.5,46,tt0078875
1292849,拯救大兵瑞恩 Saving Private Ryan,35,867,9.1,700696,8.6,59,tt0120815
1766084,间谍 Spione,35,868,8.2,861,8.0,4,tt0019415
1293996,上海快车 Shanghai Express,35,869,6.9,1958,6.5,8,tt0023458
1306049,我们如此相爱 C'eravamo tanto amati,35,870,8.3,1594,9.1,7,tt0075793
1325958,蒂凡尼的早餐 Breakfast at Tiffany's,35,871,8.1,247231,6.9,43,tt0054698
1293439,女煞葛洛莉 Gloria,35,872,7.6,6994,7.8,19,tt0080798
1484012,未知者 The Unknown,35,873,8.1,1075,7.0,4,tt0018528
1303813,饲养乌鸦 Cría cuervos,35,874,8.4,8918,8.2,16,tt0074360
2368635,边缘 Окраина,35,875,6.3,86,2.0,1,tt0024402
1294917,巨蟒与圣杯 Monty Python and the Holy Grail,36,876,7.9,22756,8.2,35,tt0071853
1300570,罗宾汉历险记 The Adventures of Robin Hood,36,877,7.1,1942,6.0,5,tt0029843
1301261,"红军与白军 Csillagosok, katonák",36,878,8.2,4588,7.9,27,tt0061537
33413905,大西洋 Atlantique,36,879,6.5,3013,6.3,31,tt10199586
1306505,红高粱,36,880,8.5,295526,8.1,85,tt0093206
1293929,廊桥遗梦 The Bridges of Madison County,36,881,8.8,255223,8.3,55,tt0112579
1477848,疯狂的爱情 L'amour fou,36,882,8.0,863,8.5,16,tt0062663
1300116,乱点鸳鸯谱 The Misfits,36,883,7.2,2014,8.0,5,tt0055184
3082472,秘境里斯本 Mistérios de Lisboa,36,884,7.5,1322,8.3,6,tt20259142
3621245,木乃伊之夜 المومياء,36,885,7.3,148,,0,tt0064703
1418997,非洲女王号 The African Queen,36,886,7.6,4219,7.2,12,tt0043265
1295137,灵欲春宵 Who's Afraid of Virginia Woolf?,36,887,7.9,5925,7.2,17,tt0061184
1303419,摩根河的奇迹 The Miracle of Morgan's Creek,36,888,6.8,296,7.0,4,tt0037077
1299112,梦 夢,36,889,8.7,71405,8.1,45,tt0100998
1316580,春夏秋冬又一春 봄 여름 가을 겨울 그리고 봄,36,890,8.5,134191,8.1,49,tt0374546
1306027,史楚锡流浪记 Stroszek,36,891,8.4,4283,8.8,17,tt0075276
2268557,四季 Времена года,36,892,8.3,502,8.5,8,tt0298597
1296563,隔墙花 La femme d'à côté,36,893,7.1,2567,7.1,14,tt0082370
1292785,空前绝后满天飞 Airplane!,36,894,7.5,20879,6.8,16,tt0080339
1303466,亲爱的日记 Caro diario,36,895,7.6,4280,8.1,16,tt0109382
1297320,艳舞女郎 Showgirls,36,896,7.1,14335,7.9,32,tt0114436
1299485,朱丽叶与魔鬼 Giulietta degli spiriti,36,897,7.6,7026,8.0,21,tt0059229
1295834,极度空间 They Live,36,898,7.4,10959,7.5,15,tt0096256
1293623,扎布里斯基角 Zabriskie Point,36,899,8.0,4996,8.1,21,tt0066601
1304347,饶舌 Tongues Untied,36,900,8.0,752,7.0,2,tt0103099
1292520,色情酒店 Exotica,37,901,6.8,2101,7.8,12,tt0109759
1292669,血溅十三号警署 Assault on Precinct 13,37,902,7.3,3081,6.9,13,tt0074156
1299898,夜深血红 Profondo rosso,37,903,7.7,7481,8.2,18,tt0073582
1303412,礼物 It's a Gift,37,904,5.8,127,4.7,3,tt0025318
2135352,终点旅店 Hôtel Terminus,37,905,,,,,
1427359,故乡 Heimat - Eine Chronik in elf Teilen,37,906,9.0,621,8.0,1,tt0087400
1465471,幽灵马车 Körkarlen,37,907,8.4,5275,8.7,11,tt0012364
3047754,温蒂和露西 Wendy and Lucy,37,908,7.7,4924,8.3,27,tt1152850
1303456,河流,37,909,7.8,11944,8.2,41,tt0119263
1416910,雾码头 Le quai des brumes,37,910,7.7,2940,7.0,6,tt0030643
1437408,犯罪生涯 Ensayo de un crimen,37,911,7.9,1342,7.7,7,tt0048037
1306069,小早川家之秋 小早川家の秋,37,912,8.2,5907,8.1,17,tt0055052
4067195,米克的近路 Meek's Cutoff,37,913,7.2,2189,8.2,17,tt1518812
1981967,福利 Welfare,37,914,8.6,165,9.0,2,tt0073887
1302911,沙漠中的西蒙 Simón del desierto,37,915,7.9,2060,7.4,16,tt0059719
10438585,禁忌 Tabu,37,916,7.5,3198,8.0,18,tt2153963
1962587,外来人 Ceddo,37,917,,,,,
1293177,桃色血案 Anatomy of a Murder,37,918,8.1,7602,8.4,15,tt0052561
1316522,一个美国人在巴黎 An American in Paris,37,919,7.1,6587,5.2,17,tt0043278
1305431,恶魔之夜 Night of the Demon,37,920,7.3,796,7.7,6,tt0050766
1292889,基督最后的诱惑 The Last Temptation of Christ,37,921,7.8,8395,8.2,16,tt0095497
1722722,佐恩引理 Zorn's Lemma,37,922,7.9,339,8.0,4,tt0131149
21323277,幻梦墓园 รักที่ขอนแก่น,37,923,7.7,7063,8.4,41,tt2818654
1299716,源泉 The Fountainhead,37,924,7.2,652,8.0,2,tt0041386
1293839,罗马假日 Roman Holiday,37,925,9.1,1016756,8.4,91,tt0046250
1940179,星期天的人们 Menschen am Sonntag,38,926,7.5,803,7.6,5,tt0020163
1296339,爱在黎明破晓前 Before Sunrise,38,927,8.8,763360,8.9,94,tt0112471
1296519,喋血双雄 喋血雙雄,38,928,8.5,93687,8.1,48,tt0097202
1308755,僵尸肖恩 Shaun of the Dead,38,929,7.6,220037,7.6,65,tt0365748
1292891,烽火赤焰万里情 Reds,38,930,7.9,2083,8.0,2,tt0082979
1300790,第七天堂 7th Heaven,38,931,7.9,675,7.5,8,tt0018379
1306218,屠夫 Le boucher,38,932,7.0,519,7.5,4,tt0064106
1302399,血尸夜 Near Dark,38,933,6.3,878,6.0,3,tt0093605
1302542,血迷宫 Blood Simple,38,934,7.8,46650,8.2,50,tt0086979
1422917,暴力史 A History of Violence,38,935,7.4,30308,8.0,45,tt0399146
1292985,七美人 Pasqualino Settebellezze,38,936,7.6,830,8.5,4,tt0075040
1292509,珍妮的画像 Portrait of Jennie,38,937,8.0,2065,7.0,4,tt0040705
1424334,洞 Le trou,38,938,9.2,58125,9.2,32,tt0054407
1463715,飞蛾之光 Mothlight,38,939,6.9,999,6.2,9,tt0057324
1979027,安逸人生 Il Sorpasso,38,940,8.0,1192,7.7,6,tt0056512
1300106,美国风情画 American Graffiti,38,941,7.6,5869,8.0,8,tt0069704
1293045,肮脏的哈里 Dirty Harry,38,942,7.7,7774,7.6,11,tt0066999
1921860,大象 Elephant,38,943,7.9,2432,8.5,8,tt0097270
2978169,从云端到反抗 Dalla nube alla resistenza,38,944,7.9,244,7.5,4,tt0079023
1427865,赤裸童年 L'enfance nue,38,945,7.7,1708,7.9,14,tt0065695
1292330,恋恋风尘 戀戀風塵,38,946,8.7,107114,8.9,84,tt0091406
1306486,母狗 La Chienne,38,947,7.7,1435,7.8,8,tt0021739
1291552,指环王3：王者无敌 The Lord of the Rings: The Return of the King,38,948,9.3,876800,8.7,85,tt0167260
2142191,"赫鲁斯塔廖夫，开车！ Хрусталёв, машину!",38,949,7.5,227,6.0,1,tt0156701
3828369,"日记 1973-1983 יומן, 1973-1983",38,950,,,,,
1293172,末代皇帝 The Last Emperor,39,951,9.3,984555,9.4,104,tt0093389
1308074,回归 Возвращение,39,952,8.6,33789,9.1,53,tt0376968
1300930,冰风暴 The Ice Storm,39,953,7.9,34925,8.1,45,tt0119349
1298366,斯巴达克斯 Spartacus,39,954,8.1,32265,7.4,32,tt0054331
1292062,美国丽人 American Beauty,39,955,8.5,350785,8.7,82,tt0169547
1297548,黑暗时代 Excalibur,39,956,7.0,887,6.0,1,tt0082348
3118188,甜蜜的梦魇 Mababangong Bangungot,39,957,8.3,680,9.0,4,tt0076341
1296289,奥赛罗 Othello,39,958,7.8,2027,8.3,7,tt0045251
2028645,拆弹部队 The Hurt Locker,39,959,7.8,184735,7.4,50,tt0887912
1293698,铁窗喋血 Cool Hand Luke,39,960,8.0,7533,7.7,15,tt0061512
1652587,阿凡达 Avatar,39,961,8.8,1527374,8.4,121,tt0499549
3012443,被咒之爱 Amor de Perdição,39,962,,,,,
1433496,决斗 Duel,39,963,7.9,7089,8.0,15,tt0067023
1295644,这个杀手不太冷 Léon,39,964,9.4,2477603,8.6,124,tt0110413
1299026,焦点新闻 Z,39,965,8.2,4942,8.8,22,tt0065234
1825703,碧海青天夜夜心 The Tarnished Angels,39,966,7.6,614,7.2,8,tt0051055
1297424,奥林匹亚1：民族的节日 Olympia 1. Teil - Fest der Völker,39,967,8.9,4355,8.0,9,tt0030522
1300957,小丑之夜 Gycklarnas afton,39,968,7.9,3258,8.0,6,tt0045848
1297016,枪疯 Gun Crazy,39,969,7.7,1858,7.3,6,tt0042530
1299857,漫长的告别 Долгие проводы,39,970,7.5,394,6.0,2,tt0092905
1294860,阳光下的决斗 Duel in the Sun,39,971,7.4,1139,7.3,6,tt0038499
1293760,捉鬼敢死队 Ghostbusters,39,972,6.7,17979,6.1,18,tt0087332
2155524,真心的苏西 True Heart Susie,39,973,7.5,347,9.0,2,tt0010806
1292646,情枭的黎明 Carlito's Way,39,974,8.7,51639,9.1,36,tt0106519
1301230,夺魂索 Rope,39,975,8.1,73451,7.6,51,tt0040746
1434232,"我是一个黑人 Moi, un noir",40,976,8.0,613,6.7,3,tt0051942
1295728,早餐俱乐部 The Breakfast Club,40,977,8.0,32084,7.1,19,tt0088847
1771234,疯狂的一页 狂った一頁,40,978,7.8,1568,6.3,6,tt0017048
1437326,狐及其友 Faustrecht der Freiheit,40,979,7.9,1919,8.5,16,tt0072976
1303247,午后枪声 Ride the High Country,40,980,7.2,685,6.9,7,tt0056412
1296736,钢琴家 The Pianist,40,981,9.3,717260,8.9,85,tt0253474
1292937,特殊任务 The Last Detail,40,982,7.4,781,7.3,6,tt0070290
1299536,不良少女莫妮卡 Sommaren med Monika,40,983,7.9,12911,7.7,39,tt0046345
1848297,鲁莽时刻 The Reckless Moment,40,984,7.1,520,7.3,3,tt0041786
1763134,汉江怪物 괴물,40,985,7.6,322464,7.6,70,tt0468492
1963079,安纳塔汉 Anatahan,40,986,6.9,915,5.3,3,tt0046712
1436858,衣冠禽兽 La bête humaine,40,987,7.4,1560,8.0,8,tt0029957
1294654,一千零一夜 Il fiore delle mille e una notte,40,988,7.4,6431,8.2,17,tt0071502
1394342,通往绞刑架的电梯 Ascenseur pour l'échafaud,40,989,8.2,10768,8.2,32,tt0051378
1850440,没有和解 Nicht versöhnt oder Es hilft nur Gewalt wo Gewalt herrscht,40,990,7.5,491,8.3,6,tt0059503
1303083,怪谈 怪談,40,991,8.6,28114,8.6,31,tt0058279
1306028,浪子春潮 Saturday Night and Sunday Morning,40,992,7.2,1077,6.7,3,tt0054269
1301978,吉尔达 Gilda,40,993,7.3,3661,6.7,12,tt0038559
10552811,汉兹沃思的歌 Handsworth Songs,40,994,,,,,
2344919,怒焰骄阳 Sholay,40,995,7.3,473,,0,tt0073707
1293683,艾德·伍德 Ed Wood,40,996,8.2,27404,8.5,29,tt0109707
1298736,甜妹妹 Sweetie,40,997,7.3,1325,8.0,5,tt0098725
1294240,教父3 The Godfather: Part III,40,998,9.0,414341,8.2,59,tt0099674
1429053,第二号 Numéro deux,40,999,7.7,378,7.8,10,tt0073471
